isolate,Date,US State,FarmID,Run,BioProject,BioSample,Center Name,Host
23-038138-001-original,2023-11-26,UNK,NA,SRR28752684,PRJNA1102327,SAMN41019178,USDA-NVSL,Goose
24-003692-001-original,2024-01-25,WY,,SRR28752683,PRJNA1102327,SAMN41019179,USDA-NVSL,CAGO
24-005915-001-original,2024-02-14,CA,,SRR28752636,PRJNA1102327,SAMN41019180,USDA-NVSL,PEFA
24-006483-001-original,2024-02-23,NM,,SRR28752522,PRJNA1102327,SAMN41019181,USDA-NVSL,Skunk
24-007264-001-original,2024-03-07,Texas,XX01-01,SRR28752468,PRJNA1102327,SAMN41019182,USDA-NVSL,Chicken
24-007264-003-original,2024-03-07,Texas,XX01-01,SRR28752457,PRJNA1102327,SAMN41019183,USDA-NVSL,Chicken
24-008354-001-original,2024-03-16,Texas,TX-TBD,SRR28752446,PRJNA1102327,SAMN41019184,USDA-NVSL,Blackbird
24-008355-001-original,2024-03-16,Texas,XX02-01,SRR28752606,PRJNA1102327,SAMN41019185,USDA-NVSL,Chicken
24-008355-002-original,2024-03-16,Texas,XX02-01,SRR28752595,PRJNA1102327,SAMN41019186,USDA-NVSL,Chicken
24-008355-003-original,2024-03-16,Texas,XX02-01,SRR28752520,PRJNA1102327,SAMN41019187,USDA-NVSL,Chicken
24-008355-004-original,2024-03-16,Texas,XX02-01,SRR28752682,PRJNA1102327,SAMN41019188,USDA-NVSL,Chicken
24-008355-005-original,2024-03-16,Texas,XX02-01,SRR28752671,PRJNA1102327,SAMN41019189,USDA-NVSL,Chicken
24-008355-006-original,2024-03-16,Texas,XX02-01,SRR28752660,PRJNA1102327,SAMN41019190,USDA-NVSL,Chicken
24-008356-001-original,2024-03-18,Texas,TX-TBD,SRR28752649,PRJNA1102327,SAMN41019191,USDA-NVSL,Grackle
24-008356-003-original,2024-03-18,Texas,TX-TBD,SRR28752574,PRJNA1102327,SAMN41019192,USDA-NVSL,Grackle
24-008357-001-original,2024-03-10,Texas,TX-TBD,SRR28752563,PRJNA1102327,SAMN41019193,USDA-NVSL,Blackbird
24-008660-001-original,2024-03-20,Texas,TX-002,SRR28752509,PRJNA1102327,SAMN41019194,USDA-NVSL,Cattle
24-008660-002-original,2024-03-20,Texas,TX-002,SRR28752498,PRJNA1102327,SAMN41019195,USDA-NVSL,Cattle
24-008749-001-original,2024-03-20,Texas,TX-002,SRR28752487,PRJNA1102327,SAMN41019196,USDA-NVSL,Cattle
24-008749-002-v,2024-03-20,Texas,TX-002,SRR28752647,PRJNA1102327,SAMN41019197,USDA-NVSL,Cattle
24-008749-003-original,2024-03-20,Texas,TX-002,SRR28752635,PRJNA1102327,SAMN41019198,USDA-NVSL,Cattle
24-008749-004-original,2024-03-20,Texas,TX-002,SRR28752624,PRJNA1102327,SAMN41019199,USDA-NVSL,Cattle
24-008749-004-v,2024-03-20,Texas,TX-002,SRR28752549,PRJNA1102327,SAMN41019200,USDA-NVSL,Cattle
24-008749-005-original,2024-03-20,Texas,TX-002,SRR28752538,PRJNA1102327,SAMN41019201,USDA-NVSL,Cattle
24-008749-006-original,2024-03-20,Texas,TX-002,SRR28752528,PRJNA1102327,SAMN41019202,USDA-NVSL,Cattle
24-008749-006-v,2024-03-20,Texas,TX-002,SRR28752527,PRJNA1102327,SAMN41019203,USDA-NVSL,Cattle
24-008749-007-original,2024-03-20,Texas,TX-002,SRR28752526,PRJNA1102327,SAMN41019204,USDA-NVSL,Cattle
24-008749-008-original-repeat,2024-03-20,Texas,TX-002,SRR28752525,PRJNA1102327,SAMN41019205,USDA-NVSL,Cattle
24-008764-001-original,2024-03-22,Texas,TX-002,SRR28752524,PRJNA1102327,SAMN41019206,USDA-NVSL,Cat
24-008764-002-original,2024-03-22,Texas,TX-002,SRR28752523,PRJNA1102327,SAMN41019207,USDA-NVSL,Cat
24-008765-002-original,2024-03-20,Texas,TX-007,SRR28752521,PRJNA1102327,SAMN41019208,USDA-NVSL,Grackle
24-008766-001-original,2024-03-21,KS,KS-001,SRR28752477,PRJNA1102327,SAMN41019209,USDA-NVSL,Cattle
24-008766-001-v,2024-03-21,KS,KS-001,SRR28752476,PRJNA1102327,SAMN41019210,USDA-NVSL,Cattle
24-008767-001-v,2024-03-20,KS,KS-002,SRR28752475,PRJNA1102327,SAMN41019211,USDA-NVSL,Cattle
24-008850-001-original,2024-03-20,Texas,TX-008,SRR28752474,PRJNA1102327,SAMN41019212,USDA-NVSL,Cat
24-008850-002-original,2024-03-20,Texas,TX-008,SRR28752473,PRJNA1102327,SAMN41019213,USDA-NVSL,Cat
24-009027-001-v,2024-03-24,MI,MI-001,SRR28752472,PRJNA1102327,SAMN41019214,USDA-NVSL,Cattle
24-009027-002-original,2024-03-24,MI,MI-001,SRR28752471,PRJNA1102327,SAMN41019215,USDA-NVSL,Cattle
24-009027-002-v,2024-03-24,MI,MI-001,SRR28752470,PRJNA1102327,SAMN41019216,USDA-NVSL,Cattle
24-009027-003-original-repeat,2024-03-24,MI,MI-001,SRR28752469,PRJNA1102327,SAMN41019217,USDA-NVSL,Cattle
24-009027-004-original-repeat,2024-03-24,MI,MI-001,SRR28752467,PRJNA1102327,SAMN41019218,USDA-NVSL,Cattle
24-009027-005-original-MTM,2024-03-24,MI,MI-001,SRR28752466,PRJNA1102327,SAMN41019219,USDA-NVSL,Cattle
24-009027-010-original-repeat,2024-03-24,MI,MI-001,SRR28752465,PRJNA1102327,SAMN41019220,USDA-NVSL,Cattle
24-009028-001-original,2024-03-20,Texas,TX-004,SRR28752464,PRJNA1102327,SAMN41019221,USDA-NVSL,Cattle
24-009028-002-original,2024-03-20,Texas,TX-004,SRR28752463,PRJNA1102327,SAMN41019222,USDA-NVSL,Cattle
24-009028-003-original-MTM,2024-03-20,Texas,TX-004,SRR28752462,PRJNA1102327,SAMN41019223,USDA-NVSL,Cattle
24-009028-005-original-repeat,2024-03-20,Texas,TX-004,SRR28752461,PRJNA1102327,SAMN41019224,USDA-NVSL,Cattle
24-009028-007-original,2024-03-20,Texas,TX-004,SRR28752460,PRJNA1102327,SAMN41019225,USDA-NVSL,Cattle
24-009028-008-original,2024-03-20,Texas,TX-004,SRR28752459,PRJNA1102327,SAMN41019226,USDA-NVSL,Cattle
24-009028-009-original,2024-03-20,Texas,TX-004,SRR28752458,PRJNA1102327,SAMN41019227,USDA-NVSL,Cattle
24-009028-019-original,2024-03-20,Texas,TX-004,SRR28752456,PRJNA1102327,SAMN41019228,USDA-NVSL,Cattle
24-009029-001-original,2024-03-21,TX,TX-005,SRR28752455,PRJNA1102327,SAMN41019229,USDA-NVSL,Cattle
24-009087-001-original,,,,SRR28752454,PRJNA1102327,SAMN41019230,USDA-NVSL,Cattle
24-009088-001-original,2024-03-13,Texas,,SRR28752453,PRJNA1102327,SAMN41019231,USDA-NVSL,Cattle
24-009088-002-original,2024-03-13,Texas,,SRR28752452,PRJNA1102327,SAMN41019232,USDA-NVSL,Cattle
24-009108-001-original,,,,SRR28752451,PRJNA1102327,SAMN41019233,USDA-NVSL,Cattle
24-009108-002-original,,,,SRR28752450,PRJNA1102327,SAMN41019234,USDA-NVSL,Cattle
24-009108-003-original,,,,SRR28752449,PRJNA1102327,SAMN41019235,USDA-NVSL,Cattle
24-009108-004-original,,,,SRR28752448,PRJNA1102327,SAMN41019236,USDA-NVSL,Cattle
24-009108-005-original,,,,SRR28752447,PRJNA1102327,SAMN41019237,USDA-NVSL,Cattle
24-009108-006-original,,,,SRR28752616,PRJNA1102327,SAMN41019238,USDA-NVSL,Cattle
24-009108-007-original,,,,SRR28752615,PRJNA1102327,SAMN41019239,USDA-NVSL,Cattle
24-009109-001-original,2024-03-20,Texas,TX-007,SRR28752614,PRJNA1102327,SAMN41019240,USDA-NVSL,Cattle
24-009109-002-original,2024-03-20,Texas,TX-007,SRR28752613,PRJNA1102327,SAMN41019241,USDA-NVSL,Cattle
24-009109-003-original,2024-03-20,Texas,TX-007,SRR28752612,PRJNA1102327,SAMN41019242,USDA-NVSL,Cattle
24-009109-004-original,2024-03-20,Texas,TX-007,SRR28752611,PRJNA1102327,SAMN41019243,USDA-NVSL,Cattle
24-009109-005-original,2024-03-20,Texas,TX-007,SRR28752610,PRJNA1102327,SAMN41019244,USDA-NVSL,Cattle
24-009109-006-original,2024-03-20,Texas,TX-007,SRR28752609,PRJNA1102327,SAMN41019245,USDA-NVSL,Cattle
24-009109-007-original,2024-03-20,Texas,TX-007,SRR28752608,PRJNA1102327,SAMN41019246,USDA-NVSL,Cattle
24-009109-008-original,2024-03-20,Texas,TX-007,SRR28752607,PRJNA1102327,SAMN41019247,USDA-NVSL,Cattle
24-009110-001-original,2024-03-14,Texas,TX-001,SRR28752605,PRJNA1102327,SAMN41019248,USDA-NVSL,Cattle
24-009110-002-original,2024-03-14,Texas,TX-001,SRR28752604,PRJNA1102327,SAMN41019249,USDA-NVSL,Cattle
24-009110-003-original-repeat,2024-03-14,Texas,TX-001,SRR28752603,PRJNA1102327,SAMN41019250,USDA-NVSL,Cattle
24-009110-004-original,2024-03-14,Texas,TX-001,SRR28752602,PRJNA1102327,SAMN41019251,USDA-NVSL,Cattle
24-009110-005-original,2024-03-14,Texas,TX-001,SRR28752601,PRJNA1102327,SAMN41019252,USDA-NVSL,Cattle
24-009110-006-original,2024-03-14,Texas,TX-001,SRR28752600,PRJNA1102327,SAMN41019253,USDA-NVSL,Cattle
24-009110-007-original,2024-03-14,Texas,TX-001,SRR28752599,PRJNA1102327,SAMN41019254,USDA-NVSL,Cattle
24-009110-008-original-repeat,2024-03-14,Texas,TX-001,SRR28752598,PRJNA1102327,SAMN41019255,USDA-NVSL,Cattle
24-009110-009-original,2024-03-14,Texas,TX-001,SRR28752597,PRJNA1102327,SAMN41019256,USDA-NVSL,Cattle
24-009110-010-original,2024-03-14,Texas,TX-001,SRR28752596,PRJNA1102327,SAMN41019257,USDA-NVSL,Cattle
24-009110-011-original,2024-03-14,Texas,TX-001,SRR28752594,PRJNA1102327,SAMN41019258,USDA-NVSL,Cattle
24-009110-012-original,2024-03-14,Texas,TX-001,SRR28752593,PRJNA1102327,SAMN41019259,USDA-NVSL,Cattle
24-009110-014-original,2024-03-14,Texas,TX-001,SRR28752592,PRJNA1102327,SAMN41019260,USDA-NVSL,Cattle
24-009110-015-original,2024-03-14,Texas,TX-001,SRR28752591,PRJNA1102327,SAMN41019261,USDA-NVSL,Cattle
24-009110-016-original,2024-03-14,Texas,TX-001,SRR28752590,PRJNA1102327,SAMN41019262,USDA-NVSL,Cattle
24-009110-017-original,2024-03-14,Texas,TX-001,SRR28752589,PRJNA1102327,SAMN41019263,USDA-NVSL,Cattle
24-009110-018-original,2024-03-14,Texas,TX-001,SRR28752588,PRJNA1102327,SAMN41019264,USDA-NVSL,Cattle
24-009110-019-original,2024-03-14,Texas,TX-001,SRR28752587,PRJNA1102327,SAMN41019265,USDA-NVSL,Cattle
24-009110-020-original,2024-03-14,Texas,TX-001,SRR28752586,PRJNA1102327,SAMN41019266,USDA-NVSL,Cattle
24-009110-021-original,2024-03-14,Texas,TX-001,SRR28752585,PRJNA1102327,SAMN41019267,USDA-NVSL,Cattle
24-009110-022-original,2024-03-14,Texas,TX-001,SRR28752519,PRJNA1102327,SAMN41019268,USDA-NVSL,Cattle
24-009110-023-original,2024-03-14,Texas,TX-001,SRR28752518,PRJNA1102327,SAMN41019269,USDA-NVSL,Cattle
24-009110-024-original,2024-03-14,Texas,TX-001,SRR28752517,PRJNA1102327,SAMN41019270,USDA-NVSL,Cattle
24-009110-025-original,2024-03-14,Texas,TX-001,SRR28752516,PRJNA1102327,SAMN41019271,USDA-NVSL,Cattle
24-009110-026-original,2024-03-14,Texas,TX-001,SRR28752515,PRJNA1102327,SAMN41019272,USDA-NVSL,Cattle
24-009110-027-original,2024-03-14,Texas,TX-001,SRR28752514,PRJNA1102327,SAMN41019273,USDA-NVSL,Cattle
24-009116-002-original,2024-03-20,UNK,UNK,SRR28752513,PRJNA1102327,SAMN41019274,USDA-NVSL,Cat
24-009116-004-original,2024-03-20,UNK,UNK,SRR28752512,PRJNA1102327,SAMN41019275,USDA-NVSL,Cat
24-009116-005-original,2024-03-20,UNK,UNK,SRR28752511,PRJNA1102327,SAMN41019276,USDA-NVSL,Cat
24-009290-001-original,,,,SRR28752510,PRJNA1102327,SAMN41019277,USDA-NVSL,Cattle
24-009290-005-original,,,,SRR28752681,PRJNA1102327,SAMN41019278,USDA-NVSL,Cattle
24-009290-006-original,,,,SRR28752680,PRJNA1102327,SAMN41019279,USDA-NVSL,Cattle
24-009306-003-original,2024-03-25,NM,NM-003,SRR28752679,PRJNA1102327,SAMN41019280,USDA-NVSL,Cattle
24-009306-004-original,2024-03-25,NM,NM-003,SRR28752678,PRJNA1102327,SAMN41019281,USDA-NVSL,Cattle
24-009308-004-original,,,,SRR28752677,PRJNA1102327,SAMN41019282,USDA-NVSL,Cattle
24-009308-006-original,,,,SRR28752676,PRJNA1102327,SAMN41019283,USDA-NVSL,Cattle
24-009308-008-original,,,,SRR28752675,PRJNA1102327,SAMN41019284,USDA-NVSL,Cattle
24-009309-001-original,2024-03-16,NM,NM-003,SRR28752674,PRJNA1102327,SAMN41019285,USDA-NVSL,Cattle
24-009309-002-original,2024-03-16,NM,NM-003,SRR28752673,PRJNA1102327,SAMN41019286,USDA-NVSL,Cattle
24-009309-004-original,2024-03-16,NM,NM-003,SRR28752672,PRJNA1102327,SAMN41019287,USDA-NVSL,Cattle
24-009310-005-original,2024-03-21,Texas,TX-007,SRR28752670,PRJNA1102327,SAMN41019288,USDA-NVSL,Cattle
24-009310-006-original,2024-03-21,Texas,TX-007,SRR28752669,PRJNA1102327,SAMN41019289,USDA-NVSL,Cattle
24-009310-007-original-repeat,2024-03-21,Texas,TX-007,SRR28752668,PRJNA1102327,SAMN41019290,USDA-NVSL,Cattle
24-009310-010-original,2024-03-21,Texas,TX-007,SRR28752667,PRJNA1102327,SAMN41019291,USDA-NVSL,Cattle
24-009311-004-original,,,,SRR28752666,PRJNA1102327,SAMN41019292,USDA-NVSL,Cat
24-009311-006-original,,,,SRR28752665,PRJNA1102327,SAMN41019293,USDA-NVSL,Cat
24-009367-001-original,2024-03-25,Texas,TX-009,SRR28752664,PRJNA1102327,SAMN41019294,USDA-NVSL,Cattle
24-009367-002-original,2024-03-25,Texas,TX-009,SRR28752663,PRJNA1102327,SAMN41019295,USDA-NVSL,Cattle
24-009367-003-original,2024-03-25,Texas,TX-009,SRR28752662,PRJNA1102327,SAMN41019296,USDA-NVSL,Cattle
24-009367-004-original,2024-03-25,Texas,TX-009,SRR28752661,PRJNA1102327,SAMN41019297,USDA-NVSL,Cattle
24-009367-005-original,2024-03-25,Texas,TX-009,SRR28752659,PRJNA1102327,SAMN41019298,USDA-NVSL,Cattle
24-009367-007-original,2024-03-25,Texas,TX-009,SRR28752658,PRJNA1102327,SAMN41019299,USDA-NVSL,Cattle
24-009367-009-original,2024-03-25,Texas,TX-009,SRR28752657,PRJNA1102327,SAMN41019300,USDA-NVSL,Cattle
24-009367-010-original,2024-03-25,Texas,TX-009,SRR28752656,PRJNA1102327,SAMN41019301,USDA-NVSL,Cattle
24-009367-011-original,2024-03-25,Texas,TX-009,SRR28752655,PRJNA1102327,SAMN41019302,USDA-NVSL,Cattle
24-009367-012-original,2024-03-25,Texas,TX-009,SRR28752654,PRJNA1102327,SAMN41019303,USDA-NVSL,Cattle
24-009367-013-original,2024-03-25,Texas,TX-009,SRR28752653,PRJNA1102327,SAMN41019304,USDA-NVSL,Cattle
24-009367-014-original,2024-03-25,Texas,TX-009,SRR28752652,PRJNA1102327,SAMN41019305,USDA-NVSL,Cattle
24-009367-016-original,2024-03-25,Texas,TX-009,SRR28752651,PRJNA1102327,SAMN41019306,USDA-NVSL,Cattle
24-009367-018-original,2024-03-25,Texas,TX-009,SRR28752650,PRJNA1102327,SAMN41019307,USDA-NVSL,Cattle
24-009367-023-original,2024-03-25,Texas,TX-009,SRR28752584,PRJNA1102327,SAMN41019308,USDA-NVSL,Cattle
24-009491-001-original,2024-03-27,Idaho,ID-001,SRR28752583,PRJNA1102327,SAMN41019309,USDA-NVSL,Cattle
24-009491-002-original,2024-03-27,Idaho,ID-001,SRR28752582,PRJNA1102327,SAMN41019310,USDA-NVSL,Cattle
24-009491-003-original,2024-03-27,Idaho,ID-001,SRR28752581,PRJNA1102327,SAMN41019311,USDA-NVSL,Cattle
24-009491-005-original,2024-03-27,Idaho,ID-001,SRR28752580,PRJNA1102327,SAMN41019312,USDA-NVSL,Cattle
24-009491-006-original,2024-03-27,Idaho,ID-001,SRR28752579,PRJNA1102327,SAMN41019313,USDA-NVSL,Cattle
24-009491-007-original,2024-03-27,Idaho,ID-001,SRR28752578,PRJNA1102327,SAMN41019314,USDA-NVSL,Cattle
24-009495-001-original,,,,SRR28752577,PRJNA1102327,SAMN41019315,USDA-NVSL,Cattle
24-009495-002-original,,,,SRR28752576,PRJNA1102327,SAMN41019316,USDA-NVSL,Cattle
24-009495-003-original,,,,SRR28752575,PRJNA1102327,SAMN41019317,USDA-NVSL,Cattle
24-009495-008-original,,,,SRR28752573,PRJNA1102327,SAMN41019318,USDA-NVSL,Cattle
24-009495-009-original,,,,SRR28752572,PRJNA1102327,SAMN41019319,USDA-NVSL,Cattle
24-009495-010-original,,,,SRR28752571,PRJNA1102327,SAMN41019320,USDA-NVSL,Cattle
24-009495-011-original,,,,SRR28752570,PRJNA1102327,SAMN41019321,USDA-NVSL,Cattle
24-009495-012-original,,,,SRR28752569,PRJNA1102327,SAMN41019322,USDA-NVSL,Cattle
24-009496-002-original,2024-03-23,NM,NM-003,SRR28752568,PRJNA1102327,SAMN41019323,USDA-NVSL,Raccoon
24-009497-003-original,2024-03-25,KS,KS-003,SRR28752567,PRJNA1102327,SAMN41019324,USDA-NVSL,Cattle
24-009497-004-original,2024-03-25,KS,KS-003,SRR28752566,PRJNA1102327,SAMN41019325,USDA-NVSL,Cattle
24-009497-005-original,2024-03-25,KS,KS-003,SRR28752565,PRJNA1102327,SAMN41019326,USDA-NVSL,Cattle
24-009497-006-original,2024-03-25,KS,KS-003,SRR28752564,PRJNA1102327,SAMN41019327,USDA-NVSL,Cattle
24-009497-007-original,2024-03-25,KS,KS-003,SRR28752562,PRJNA1102327,SAMN41019328,USDA-NVSL,Cattle
24-009497-008-original,2024-03-25,KS,KS-003,SRR28752561,PRJNA1102327,SAMN41019329,USDA-NVSL,Cattle
24-009497-009-original,2024-03-25,KS,KS-003,SRR28752560,PRJNA1102327,SAMN41019330,USDA-NVSL,Cattle
24-009497-010-original,2024-03-25,KS,KS-003,SRR28752559,PRJNA1102327,SAMN41019331,USDA-NVSL,Cattle
24-009497-011-original,2024-03-25,KS,KS-003,SRR28752558,PRJNA1102327,SAMN41019332,USDA-NVSL,Cattle
24-009497-012-original,2024-03-25,KS,KS-003,SRR28752557,PRJNA1102327,SAMN41019333,USDA-NVSL,Cattle
24-009497-014-original,2024-03-25,KS,KS-003,SRR28752556,PRJNA1102327,SAMN41019334,USDA-NVSL,Cattle
24-009499-001-original,,,,SRR28752555,PRJNA1102327,SAMN41019335,USDA-NVSL,Cattle
24-009581-002-original,NA,KS,KS-TBD,SRR28752554,PRJNA1102327,SAMN41019336,USDA-NVSL,Cattle
24-009582-001-original,2024-04-01,MI,XX03-01,SRR28752553,PRJNA1102327,SAMN41019337,USDA-NVSL,Chicken
24-009582-002-original,2024-04-01,MI,XX03-01,SRR28752508,PRJNA1102327,SAMN41019338,USDA-NVSL,Chicken
24-009582-003-original,2024-04-01,MI,XX03-01,SRR28752507,PRJNA1102327,SAMN41019339,USDA-NVSL,Chicken
24-009586-001-original,2024-03-29,Ohio,OH-001,SRR28752506,PRJNA1102327,SAMN41019340,USDA-NVSL,Cattle
24-009586-002-original,2024-03-29,Ohio,OH-001,SRR28752505,PRJNA1102327,SAMN41019341,USDA-NVSL,Cattle
24-009586-003-original,2024-03-29,Ohio,OH-001,SRR28752504,PRJNA1102327,SAMN41019342,USDA-NVSL,Cattle
24-009586-005-original,2024-03-29,Ohio,OH-001,SRR28752503,PRJNA1102327,SAMN41019343,USDA-NVSL,Cattle
24-009586-006-original,2024-03-29,Ohio,OH-001,SRR28752502,PRJNA1102327,SAMN41019344,USDA-NVSL,Cattle
24-009586-007-original,2024-03-29,Ohio,OH-001,SRR28752501,PRJNA1102327,SAMN41019345,USDA-NVSL,Cattle
24-009586-008-original,2024-03-29,Ohio,OH-001,SRR28752500,PRJNA1102327,SAMN41019346,USDA-NVSL,Cattle
24-009586-009-original,2024-03-29,Ohio,OH-001,SRR28752499,PRJNA1102327,SAMN41019347,USDA-NVSL,Cattle
24-009586-010-original,2024-03-29,Ohio,OH-001,SRR28752497,PRJNA1102327,SAMN41019348,USDA-NVSL,Cattle
24-009654-001-original,2024-04-01,Texas,XX04-01,SRR28752496,PRJNA1102327,SAMN41019349,USDA-NVSL,Chicken
24-009654-004-original,2024-04-01,Texas,XX04-01,SRR28752495,PRJNA1102327,SAMN41019350,USDA-NVSL,Chicken
24-009775-001-original,,,,SRR28752494,PRJNA1102327,SAMN41019351,USDA-NVSL,Cattle
24-009776-001-original,2024-03-10,TX,TX-011,SRR28752493,PRJNA1102327,SAMN41019352,USDA-NVSL,Cattle
24-009776-002-original,2024-03-10,TX,TX-011,SRR28752492,PRJNA1102327,SAMN41019353,USDA-NVSL,Cattle
24-009776-004-original,2024-03-10,TX,TX-011,SRR28752491,PRJNA1102327,SAMN41019354,USDA-NVSL,Cattle
24-009776-015-original,2024-03-10,TX,TX-011,SRR28752490,PRJNA1102327,SAMN41019355,USDA-NVSL,Cattle
24-010071-001-original,,,,SRR28752489,PRJNA1102327,SAMN41019356,USDA-NVSL,Cattle
24-010071-002-original,,,,SRR28752488,PRJNA1102327,SAMN41019357,USDA-NVSL,Cattle
24-010071-003-original,,,,SRR28752486,PRJNA1102327,SAMN41019358,USDA-NVSL,Cattle
24-010071-005-original,,,,SRR28752485,PRJNA1102327,SAMN41019359,USDA-NVSL,Cattle
24-010071-006-original,2024-03-20?,,,SRR28752484,PRJNA1102327,SAMN41019360,USDA-NVSL,Cattle
24-010071-007-original,,,,SRR28752483,PRJNA1102327,SAMN41019361,USDA-NVSL,Cattle
24-010071-008-original,,,,SRR28752482,PRJNA1102327,SAMN41019362,USDA-NVSL,Cattle
24-010071-009-original,,,,SRR28752481,PRJNA1102327,SAMN41019363,USDA-NVSL,Cattle
24-010071-010-original,,,,SRR28752480,PRJNA1102327,SAMN41019364,USDA-NVSL,Cattle
24-010192-006-original,,,,SRR28752479,PRJNA1102327,SAMN41019365,USDA-NVSL,Cattle
24-010193-003-original,,,,SRR28752478,PRJNA1102327,SAMN41019366,USDA-NVSL,Cattle
24-010193-006-original,,,,SRR28752648,PRJNA1102327,SAMN41019367,USDA-NVSL,Cattle
24-010193-007-original,,,,SRR28752646,PRJNA1102327,SAMN41019368,USDA-NVSL,Cattle
24-010194-001-original,,,,SRR28752645,PRJNA1102327,SAMN41019369,USDA-NVSL,Cattle
24-010195-001-original,,,,SRR28752644,PRJNA1102327,SAMN41019370,USDA-NVSL,Cattle
24-010303-001-original-300,,,,SRR28752643,PRJNA1102327,SAMN41019371,USDA-NVSL,Cattle
24-010303-002-original,,,,SRR28752642,PRJNA1102327,SAMN41019372,USDA-NVSL,Cattle
24-010308-001-original-300,,,,SRR28752641,PRJNA1102327,SAMN41019373,USDA-NVSL,Chicken
24-010308-006-original-300,,,,SRR28752640,PRJNA1102327,SAMN41019374,USDA-NVSL,Chicken
24-010308-007-original,,,,SRR28752639,PRJNA1102327,SAMN41019375,USDA-NVSL,Chicken
24-010308-012-original,,,,SRR28752638,PRJNA1102327,SAMN41019376,USDA-NVSL,Chicken
24-010327-003-original,,,,SRR28752637,PRJNA1102327,SAMN41019377,USDA-NVSL,Cattle
24-010330-002-original-300,,,,SRR28752634,PRJNA1102327,SAMN41019378,USDA-NVSL,Cattle
24-010330-003-original,,,,SRR28752633,PRJNA1102327,SAMN41019379,USDA-NVSL,Cattle
24-010330-004-original-300,,,,SRR28752632,PRJNA1102327,SAMN41019380,USDA-NVSL,Cattle
24-010330-005-original,,,,SRR28752631,PRJNA1102327,SAMN41019381,USDA-NVSL,Cattle
24-010330-006-original-300,,,,SRR28752630,PRJNA1102327,SAMN41019382,USDA-NVSL,Cattle
24-010330-007-original,,,,SRR28752629,PRJNA1102327,SAMN41019383,USDA-NVSL,Cattle
24-010330-008-original,,,,SRR28752628,PRJNA1102327,SAMN41019384,USDA-NVSL,Cattle
24-010330-009-original-300,,,,SRR28752627,PRJNA1102327,SAMN41019385,USDA-NVSL,Cattle
24-010330-011-original-300,,,,SRR28752626,PRJNA1102327,SAMN41019386,USDA-NVSL,Cattle
24-010330-012-original-300,,,,SRR28752625,PRJNA1102327,SAMN41019387,USDA-NVSL,Cattle
24-010330-013-original-300,,,,SRR28752623,PRJNA1102327,SAMN41019388,USDA-NVSL,Cattle
24-010331-001-original,,,,SRR28752622,PRJNA1102327,SAMN41019389,USDA-NVSL,Cattle
24-010354-001-original,,,,SRR28752621,PRJNA1102327,SAMN41019390,USDA-NVSL,Cattle
24-010354-002-original,,,,SRR28752620,PRJNA1102327,SAMN41019391,USDA-NVSL,Cattle
24-010354-003-original,,,,SRR28752619,PRJNA1102327,SAMN41019392,USDA-NVSL,Cattle
24-010354-004-original-300,,,,SRR28752618,PRJNA1102327,SAMN41019393,USDA-NVSL,Cattle
24-010354-005-original,,,,SRR28752617,PRJNA1102327,SAMN41019394,USDA-NVSL,Cattle
24-010354-006-original-300,,,,SRR28752552,PRJNA1102327,SAMN41019395,USDA-NVSL,Cattle
24-010354-008-original,,,,SRR28752551,PRJNA1102327,SAMN41019396,USDA-NVSL,Cattle
24-010354-009-original-300,,,,SRR28752550,PRJNA1102327,SAMN41019397,USDA-NVSL,Cattle
24-010354-010-original-300,,,,SRR28752548,PRJNA1102327,SAMN41019398,USDA-NVSL,Cattle
24-010354-011-original,,,,SRR28752547,PRJNA1102327,SAMN41019399,USDA-NVSL,Cattle
24-010354-012-original,,,,SRR28752546,PRJNA1102327,SAMN41019400,USDA-NVSL,Cattle
24-010354-013-original-300,,,,SRR28752545,PRJNA1102327,SAMN41019401,USDA-NVSL,Cattle
24-010354-014-original-300,,,,SRR28752544,PRJNA1102327,SAMN41019402,USDA-NVSL,Cattle
24-010354-015-original-300,,,,SRR28752543,PRJNA1102327,SAMN41019403,USDA-NVSL,Cattle
24-010354-016-original-300,,,,SRR28752542,PRJNA1102327,SAMN41019404,USDA-NVSL,Cattle
24-010354-017-original-300,,,,SRR28752541,PRJNA1102327,SAMN41019405,USDA-NVSL,Cattle
24-010354-018-original-300,,,,SRR28752540,PRJNA1102327,SAMN41019406,USDA-NVSL,Cattle
24-010354-019-original-300,,,,SRR28752539,PRJNA1102327,SAMN41019407,USDA-NVSL,Cattle
24-010354-020-original,,,,SRR28752537,PRJNA1102327,SAMN41019408,USDA-NVSL,Cattle
24-010482-001-original,,,,SRR28752536,PRJNA1102327,SAMN41019409,USDA-NVSL,Chicken
24-010512-001-original,,,,SRR28752535,PRJNA1102327,SAMN41019410,USDA-NVSL,Cattle
24-010513-002-original,,,,SRR28752534,PRJNA1102327,SAMN41019411,USDA-NVSL,Cattle
24-010513-003-original,,,,SRR28752533,PRJNA1102327,SAMN41019412,USDA-NVSL,Cattle
24-010513-004-original,,,,SRR28752532,PRJNA1102327,SAMN41019413,USDA-NVSL,Cattle
24-010513-006-original,,,,SRR28752531,PRJNA1102327,SAMN41019414,USDA-NVSL,Cattle
24-010513-007-original,,,,SRR28752530,PRJNA1102327,SAMN41019415,USDA-NVSL,Cattle
24-010514-002-original,,,,SRR28752529,PRJNA1102327,SAMN41019416,USDA-NVSL,Cattle
