Run,Assay Type,AvgSpotLen,Bases,BioProject,BioSample,BioSampleModel,Bytes,Center Name,Collection_Date,Consent,DATASTORE filetype,DATASTORE provider,DATASTORE region,Experiment,geo_loc_name_country,geo_loc_name_country_continent,geo_loc_name,Host,Instrument,isolate,Library Name,LibraryLayout,LibrarySelection,LibrarySource,Organism,Platform,ReleaseDate,create_date,version,Sample Name,serotype,SRA Study
SRR28752446,WGS,292,93605195,PRJNA1102327,SAMN41019184,Viral,30074178,USDA-NVSL,2024,public,"fastq,run.zq,sra","gs,ncbi,s3","gs.us-east1,ncbi.public,s3.us-east-1",SRX24318198,USA,North America,USA,Blackbird,Illumina iSeq 100,24-008354-001-original,24-008354-001-original,PAIRED,RANDOM,VIRAL RNA,Influenza A virus,ILLUMINA,2024-04-20T00:00:00Z,2024-04-20T18:12:00Z,1,24-008354-001-original,H5N1,SRP503016
SRR28752447,WGS,482,86080323,PRJNA1102327,SAMN41019237,Viral,28164109,USDA-NVSL,2024,public,"fastq,run.zq,sra","gs,ncbi,s3","gs.us-east1,ncbi.public,s3.us-east-1",SRX24318197,USA,North America,USA,Cattle,Illumina MiSeq,24-009108-005-original,24-009108-005-original,PAIRED,RANDOM,VIRAL RNA,Influenza A virus,ILLUMINA,2024-04-20T00:00:00Z,2024-04-20T18:13:00Z,1,24-009108-005-original,H5N1,SRP503016
SRR28752449,WGS,293,59363690,PRJNA1102327,SAMN41019235,Viral,19686302,USDA-NVSL,2024,public,"fastq,run.zq,sra","gs,ncbi,s3","gs.us-east1,ncbi.public,s3.us-east-1",SRX24318195,USA,North America,USA,Cattle,Illumina iSeq 100,24-009108-003-original,24-009108-003-original,PAIRED,RANDOM,VIRAL RNA,Influenza A virus,ILLUMINA,2024-04-20T00:00:00Z,2024-04-20T18:13:00Z,1,24-009108-003-original,H5N1,SRP503016
SRR28752450,WGS,502,119232569,PRJNA1102327,SAMN41019234,Viral,38846827,USDA-NVSL,2024,public,"fastq,run.zq,sra","gs,ncbi,s3","gs.us-east1,ncbi.public,s3.us-east-1",SRX24318194,USA,North America,USA,Cattle,Illumina MiSeq,24-009108-002-original,24-009108-002-original,PAIRED,RANDOM,VIRAL RNA,Influenza A virus,ILLUMINA,2024-04-20T00:00:00Z,2024-04-20T18:13:00Z,1,24-009108-002-original,H5N1,SRP503016
SRR28752451,WGS,293,64394752,PRJNA1102327,SAMN41019233,Viral,21179953,USDA-NVSL,2024,public,"fastq,run.zq,sra","gs,ncbi,s3","gs.us-east1,ncbi.public,s3.us-east-1",SRX24318193,USA,North America,USA,Cattle,Illumina iSeq 100,24-009108-001-original,24-009108-001-original,PAIRED,RANDOM,VIRAL RNA,Influenza A virus,ILLUMINA,2024-04-20T00:00:00Z,2024-04-20T18:13:00Z,1,24-009108-001-original,H5N1,SRP503016
SRR28752452,WGS,288,41343137,PRJNA1102327,SAMN41019232,Viral,14331437,USDA-NVSL,2024,public,"fastq,run.zq,sra","gs,ncbi,s3","gs.us-east1,ncbi.public,s3.us-east-1",SRX24318192,USA,North America,USA,Cattle,Illumina iSeq 100,24-009088-002-original,24-009088-002-original,PAIRED,RANDOM,VIRAL RNA,Influenza A virus,ILLUMINA,2024-04-20T00:00:00Z,2024-04-20T18:13:00Z,1,24-009088-002-original,H5N1,SRP503016
SRR28752453,WGS,289,37055919,PRJNA1102327,SAMN41019231,Viral,12938409,USDA-NVSL,2024,public,"fastq,run.zq,sra","gs,ncbi,s3","gs.us-east1,ncbi.public,s3.us-east-1",SRX24318191,USA,North America,USA,Cattle,Illumina iSeq 100,24-009088-001-original,24-009088-001-original,PAIRED,RANDOM,VIRAL RNA,Influenza A virus,ILLUMINA,2024-04-20T00:00:00Z,2024-04-20T18:13:00Z,1,24-009088-001-original,H5N1,SRP503016
SRR28752454,WGS,495,77475156,PRJNA1102327,SAMN41019230,Viral,25347759,USDA-NVSL,2024,public,"fastq,run.zq,sra","gs,ncbi,s3","gs.us-east1,ncbi.public,s3.us-east-1",SRX24318190,USA,North America,USA,Cattle,Illumina MiSeq,24-009087-001-original,24-009087-001-original,PAIRED,RANDOM,VIRAL RNA,Influenza A virus,ILLUMINA,2024-04-20T00:00:00Z,2024-04-20T18:13:00Z,1,24-009087-001-original,H5N1,SRP503016
SRR28752455,WGS,295,63694864,PRJNA1102327,SAMN41019229,Viral,19920569,USDA-NVSL,2024,public,"fastq,run.zq,sra","gs,ncbi,s3","gs.us-east1,ncbi.public,s3.us-east-1",SRX24318189,USA,North America,USA,Cattle,Illumina iSeq 100,24-009029-001-original,24-009029-001-original,PAIRED,RANDOM,VIRAL RNA,Influenza A virus,ILLUMINA,2024-04-20T00:00:00Z,2024-04-20T18:13:00Z,1,24-009029-001-original,H5N1,SRP503016
SRR28752456,WGS,502,52181145,PRJNA1102327,SAMN41019228,Viral,17307723,USDA-NVSL,2024,public,"fastq,run.zq,sra","gs,ncbi,s3","gs.us-east1,ncbi.public,s3.us-east-1",SRX24318188,USA,North America,USA,Cattle,Illumina MiSeq,24-009028-019-original,24-009028-019-original,PAIRED,RANDOM,VIRAL RNA,Influenza A virus,ILLUMINA,2024-04-20T00:00:00Z,2024-04-20T18:13:00Z,1,24-009028-019-original,H5N1,SRP503016
SRR28752457,WGS,437,47935468,PRJNA1102327,SAMN41019183,Viral,28922890,USDA-NVSL,2024,public,"fastq,run.zq,sra","gs,ncbi,s3","gs.us-east1,ncbi.public,s3.us-east-1",SRX24318187,USA,North America,USA,Chicken,Illumina MiSeq,24-007264-003-original,24-007264-003-original,PAIRED,RANDOM,VIRAL RNA,Influenza A virus,ILLUMINA,2024-04-20T00:00:00Z,2024-04-20T18:13:00Z,1,24-007264-003-original,H5N1,SRP503016
SRR28752458,WGS,294,62891056,PRJNA1102327,SAMN41019227,Viral,21008368,USDA-NVSL,2024,public,"fastq,run.zq,sra","gs,ncbi,s3","gs.us-east1,ncbi.public,s3.us-east-1",SRX24318186,USA,North America,USA,Cattle,Illumina iSeq 100,24-009028-009-original,24-009028-009-original,PAIRED,RANDOM,VIRAL RNA,Influenza A virus,ILLUMINA,2024-04-20T00:00:00Z,2024-04-20T18:13:00Z,1,24-009028-009-original,H5N1,SRP503016
SRR28752459,WGS,293,74780574,PRJNA1102327,SAMN41019226,Viral,24761680,USDA-NVSL,2024,public,"fastq,run.zq,sra","gs,ncbi,s3","gs.us-east1,ncbi.public,s3.us-east-1",SRX24318185,USA,North America,USA,Cattle,Illumina iSeq 100,24-009028-008-original,24-009028-008-original,PAIRED,RANDOM,VIRAL RNA,Influenza A virus,ILLUMINA,2024-04-20T00:00:00Z,2024-04-20T18:12:00Z,1,24-009028-008-original,H5N1,SRP503016
SRR28752460,WGS,293,37208576,PRJNA1102327,SAMN41019225,Viral,12502505,USDA-NVSL,2024,public,"fastq,run.zq,sra","gs,ncbi,s3","gs.us-east1,ncbi.public,s3.us-east-1",SRX24318184,USA,North America,USA,Cattle,Illumina iSeq 100,24-009028-007-original,24-009028-007-original,PAIRED,RANDOM,VIRAL RNA,Influenza A virus,ILLUMINA,2024-04-20T00:00:00Z,2024-04-20T18:12:00Z,1,24-009028-007-original,H5N1,SRP503016
SRR28752461,WGS,480,77377796,PRJNA1102327,SAMN41019224,Viral,25341372,USDA-NVSL,2024,public,"fastq,run.zq,sra","gs,ncbi,s3","gs.us-east1,ncbi.public,s3.us-east-1",SRX24318183,USA,North America,USA,Cattle,Illumina MiSeq,24-009028-005-original-repeat,24-009028-005-original-repeat,PAIRED,RANDOM,VIRAL RNA,Influenza A virus,ILLUMINA,2024-04-20T00:00:00Z,2024-04-20T18:13:00Z,1,24-009028-005-original-repeat,H5N1,SRP503016
SRR28752462,WGS,294,44853173,PRJNA1102327,SAMN41019223,Viral,14985041,USDA-NVSL,2024,public,"fastq,run.zq,sra","gs,ncbi,s3","gs.us-east1,ncbi.public,s3.us-east-1",SRX24318182,USA,North America,USA,Cattle,Illumina iSeq 100,24-009028-003-original-MTM,24-009028-003-original-MTM,PAIRED,RANDOM,VIRAL RNA,Influenza A virus,ILLUMINA,2024-04-20T00:00:00Z,2024-04-20T18:12:00Z,1,24-009028-003-original-MTM,H5N1,SRP503016
SRR28752463,WGS,293,54801527,PRJNA1102327,SAMN41019222,Viral,17463854,USDA-NVSL,2024,public,"fastq,run.zq,sra","gs,ncbi,s3","gs.us-east1,ncbi.public,s3.us-east-1",SRX24318181,USA,North America,USA,Cattle,Illumina iSeq 100,24-009028-002-original,24-009028-002-original,PAIRED,RANDOM,VIRAL RNA,Influenza A virus,ILLUMINA,2024-04-20T00:00:00Z,2024-04-20T18:12:00Z,1,24-009028-002-original,H5N1,SRP503016
SRR28752464,WGS,293,33074037,PRJNA1102327,SAMN41019221,Viral,10719607,USDA-NVSL,2024,public,"fastq,run.zq,sra","gs,ncbi,s3","gs.us-east1,ncbi.public,s3.us-east-1",SRX24318180,USA,North America,USA,Cattle,Illumina iSeq 100,24-009028-001-original,24-009028-001-original,PAIRED,RANDOM,VIRAL RNA,Influenza A virus,ILLUMINA,2024-04-20T00:00:00Z,2024-04-20T18:13:00Z,1,24-009028-001-original,H5N1,SRP503016
SRR28752465,WGS,468,117099303,PRJNA1102327,SAMN41019220,Viral,38452412,USDA-NVSL,2024,public,"fastq,run.zq,sra","gs,ncbi,s3","gs.us-east1,ncbi.public,s3.us-east-1",SRX24318179,USA,North America,USA,Cattle,Illumina MiSeq,24-009027-010-original-repeat,24-009027-010-original-repeat,PAIRED,RANDOM,VIRAL RNA,Influenza A virus,ILLUMINA,2024-04-20T00:00:00Z,2024-04-20T18:13:00Z,1,24-009027-010-original-repeat,H5N1,SRP503016
SRR28752466,WGS,293,61386586,PRJNA1102327,SAMN41019219,Viral,20409517,USDA-NVSL,2024,public,"fastq,run.zq,sra","gs,ncbi,s3","gs.us-east1,ncbi.public,s3.us-east-1",SRX24318178,USA,North America,USA,Cattle,Illumina iSeq 100,24-009027-005-original-MTM,24-009027-005-original-MTM,PAIRED,RANDOM,VIRAL RNA,Influenza A virus,ILLUMINA,2024-04-20T00:00:00Z,2024-04-20T18:13:00Z,1,24-009027-005-original-MTM,H5N1,SRP503016
SRR28752467,WGS,500,70896160,PRJNA1102327,SAMN41019218,Viral,23271471,USDA-NVSL,2024,public,"fastq,run.zq,sra","gs,ncbi,s3","gs.us-east1,ncbi.public,s3.us-east-1",SRX24318177,USA,North America,USA,Cattle,Illumina MiSeq,24-009027-004-original-repeat,24-009027-004-original-repeat,PAIRED,RANDOM,VIRAL RNA,Influenza A virus,ILLUMINA,2024-04-20T00:00:00Z,2024-04-20T18:12:00Z,1,24-009027-004-original-repeat,H5N1,SRP503016
SRR28752470,WGS,294,81957492,PRJNA1102327,SAMN41019216,Viral,26941955,USDA-NVSL,2024,public,"fastq,run.zq,sra","gs,ncbi,s3","gs.us-east1,ncbi.public,s3.us-east-1",SRX24318174,USA,North America,USA,Cattle,Illumina iSeq 100,24-009027-002-v,24-009027-002-v,PAIRED,RANDOM,VIRAL RNA,Influenza A virus,ILLUMINA,2024-04-20T00:00:00Z,2024-04-20T18:13:00Z,1,24-009027-002-v,H5N1,SRP503016
SRR28752471,WGS,292,44028318,PRJNA1102327,SAMN41019215,Viral,14133665,USDA-NVSL,2024,public,"fastq,run.zq,sra","gs,ncbi,s3","gs.us-east1,ncbi.public,s3.us-east-1",SRX24318173,USA,North America,USA,Cattle,Illumina iSeq 100,24-009027-002-original,24-009027-002-original,PAIRED,RANDOM,VIRAL RNA,Influenza A virus,ILLUMINA,2024-04-20T00:00:00Z,2024-04-20T18:13:00Z,1,24-009027-002-original,H5N1,SRP503016
SRR28752472,WGS,293,69087252,PRJNA1102327,SAMN41019214,Viral,22742142,USDA-NVSL,2024,public,"fastq,run.zq,sra","gs,ncbi,s3","gs.us-east1,ncbi.public,s3.us-east-1",SRX24318172,USA,North America,USA,Cattle,Illumina iSeq 100,24-009027-001-v,24-009027-001-v,PAIRED,RANDOM,VIRAL RNA,Influenza A virus,ILLUMINA,2024-04-20T00:00:00Z,2024-04-20T18:12:00Z,1,24-009027-001-v,H5N1,SRP503016
SRR28752473,WGS,266,48991530,PRJNA1102327,SAMN41019213,Viral,17117096,USDA-NVSL,2024,public,"fastq,run.zq,sra","gs,ncbi,s3","gs.us-east1,ncbi.public,s3.us-east-1",SRX24318171,USA,North America,USA,Cat,Illumina iSeq 100,24-008850-002-original,24-008850-002-original,PAIRED,RANDOM,VIRAL RNA,Influenza A virus,ILLUMINA,2024-04-20T00:00:00Z,2024-04-20T18:13:00Z,1,24-008850-002-original,H5N1,SRP503016
SRR28752474,WGS,285,41926899,PRJNA1102327,SAMN41019212,Viral,14410316,USDA-NVSL,2024,public,"fastq,run.zq,sra","gs,ncbi,s3","gs.us-east1,ncbi.public,s3.us-east-1",SRX24318170,USA,North America,USA,Cat,Illumina iSeq 100,24-008850-001-original,24-008850-001-original,PAIRED,RANDOM,VIRAL RNA,Influenza A virus,ILLUMINA,2024-04-20T00:00:00Z,2024-04-20T18:13:00Z,1,24-008850-001-original,H5N1,SRP503016
SRR28752475,WGS,295,56176658,PRJNA1102327,SAMN41019211,Viral,17554275,USDA-NVSL,2024,public,"fastq,run.zq,sra","gs,ncbi,s3","gs.us-east1,ncbi.public,s3.us-east-1",SRX24318169,USA,North America,USA,Cattle,Illumina iSeq 100,24-008767-001-v,24-008767-001-v,PAIRED,RANDOM,VIRAL RNA,Influenza A virus,ILLUMINA,2024-04-20T00:00:00Z,2024-04-20T18:13:00Z,1,24-008767-001-v,H5N1,SRP503016
SRR28752476,WGS,295,60586686,PRJNA1102327,SAMN41019210,Viral,19026857,USDA-NVSL,2024,public,"fastq,run.zq,sra","gs,ncbi,s3","gs.us-east1,ncbi.public,s3.us-east-1",SRX24318168,USA,North America,USA,Cattle,Illumina iSeq 100,24-008766-001-v,24-008766-001-v,PAIRED,RANDOM,VIRAL RNA,Influenza A virus,ILLUMINA,2024-04-20T00:00:00Z,2024-04-20T18:12:00Z,1,24-008766-001-v,H5N1,SRP503016
SRR28752478,WGS,292,85489801,PRJNA1102327,SAMN41019366,Viral,27000983,USDA-NVSL,2024,public,"fastq,run.zq,sra","gs,ncbi,s3","gs.us-east1,ncbi.public,s3.us-east-1",SRX24318166,USA,North America,USA,Cattle,Illumina iSeq 100,24-010193-003-original,24-010193-003-original,PAIRED,RANDOM,VIRAL RNA,Influenza A virus,ILLUMINA,2024-04-20T00:00:00Z,2024-04-20T18:12:00Z,1,24-010193-003-original,H5N1,SRP503016
SRR28752479,WGS,292,43275482,PRJNA1102327,SAMN41019365,Viral,14036920,USDA-NVSL,2024,public,"fastq,run.zq,sra","gs,ncbi,s3","gs.us-east1,ncbi.public,s3.us-east-1",SRX24318165,USA,North America,USA,Cattle,Illumina iSeq 100,24-010192-006-original,24-010192-006-original,PAIRED,RANDOM,VIRAL RNA,Influenza A virus,ILLUMINA,2024-04-20T00:00:00Z,2024-04-20T18:13:00Z,1,24-010192-006-original,H5N1,SRP503016
SRR28752480,WGS,293,63278861,PRJNA1102327,SAMN41019364,Viral,20131984,USDA-NVSL,2024,public,"fastq,run.zq,sra","gs,ncbi,s3","gs.us-east1,ncbi.public,s3.us-east-1",SRX24318164,USA,North America,USA,Cattle,Illumina iSeq 100,24-010071-010-original,24-010071-010-original,PAIRED,RANDOM,VIRAL RNA,Influenza A virus,ILLUMINA,2024-04-20T00:00:00Z,2024-04-20T18:13:00Z,1,24-010071-010-original,H5N1,SRP503016
SRR28752481,WGS,292,27345544,PRJNA1102327,SAMN41019363,Viral,9000354,USDA-NVSL,2024,public,"fastq,run.zq,sra","gs,ncbi,s3","gs.us-east1,ncbi.public,s3.us-east-1",SRX24318163,USA,North America,USA,Cattle,Illumina iSeq 100,24-010071-009-original,24-010071-009-original,PAIRED,RANDOM,VIRAL RNA,Influenza A virus,ILLUMINA,2024-04-20T00:00:00Z,2024-04-20T18:12:00Z,1,24-010071-009-original,H5N1,SRP503016
SRR28752482,WGS,292,67219828,PRJNA1102327,SAMN41019362,Viral,21512988,USDA-NVSL,2024,public,"fastq,run.zq,sra","gs,ncbi,s3","gs.us-east1,ncbi.public,s3.us-east-1",SRX24318162,USA,North America,USA,Cattle,Illumina iSeq 100,24-010071-008-original,24-010071-008-original,PAIRED,RANDOM,VIRAL RNA,Influenza A virus,ILLUMINA,2024-04-20T00:00:00Z,2024-04-20T18:13:00Z,1,24-010071-008-original,H5N1,SRP503016
SRR28752483,WGS,293,88502874,PRJNA1102327,SAMN41019361,Viral,28181298,USDA-NVSL,2024,public,"fastq,run.zq,sra","gs,ncbi,s3","gs.us-east1,ncbi.public,s3.us-east-1",SRX24318161,USA,North America,USA,Cattle,Illumina iSeq 100,24-010071-007-original,24-010071-007-original,PAIRED,RANDOM,VIRAL RNA,Influenza A virus,ILLUMINA,2024-04-20T00:00:00Z,2024-04-20T18:13:00Z,1,24-010071-007-original,H5N1,SRP503016
SRR28752485,WGS,286,20808932,PRJNA1102327,SAMN41019359,Viral,6691502,USDA-NVSL,2024,public,"fastq,run.zq,sra","gs,ncbi,s3","gs.us-east1,ncbi.public,s3.us-east-1",SRX24318159,USA,North America,USA,Cattle,Illumina iSeq 100,24-010071-005-original,24-010071-005-original,PAIRED,RANDOM,VIRAL RNA,Influenza A virus,ILLUMINA,2024-04-20T00:00:00Z,2024-04-20T18:13:00Z,1,24-010071-005-original,H5N1,SRP503016
SRR28752486,WGS,293,83128276,PRJNA1102327,SAMN41019358,Viral,26353518,USDA-NVSL,2024,public,"fastq,run.zq,sra","gs,ncbi,s3","gs.us-east1,ncbi.public,s3.us-east-1",SRX24318158,USA,North America,USA,Cattle,Illumina iSeq 100,24-010071-003-original,24-010071-003-original,PAIRED,RANDOM,VIRAL RNA,Influenza A virus,ILLUMINA,2024-04-20T00:00:00Z,2024-04-20T18:13:00Z,1,24-010071-003-original,H5N1,SRP503016
SRR28752487,WGS,290,134296517,PRJNA1102327,SAMN41019196,Viral,42862135,USDA-NVSL,2024,public,"fastq,run.zq,sra","gs,ncbi,s3","gs.us-east1,ncbi.public,s3.us-east-1",SRX24318157,USA,North America,USA,Cattle,Illumina iSeq 100,24-008749-001-original,24-008749-001-original,PAIRED,RANDOM,VIRAL RNA,Influenza A virus,ILLUMINA,2024-04-20T00:00:00Z,2024-04-20T18:12:00Z,1,24-008749-001-original,H5N1,SRP503016
SRR28752488,WGS,292,48586464,PRJNA1102327,SAMN41019357,Viral,15342982,USDA-NVSL,2024,public,"fastq,run.zq,sra","gs,ncbi,s3","gs.us-east1,ncbi.public,s3.us-east-1",SRX24318156,USA,North America,USA,Cattle,Illumina iSeq 100,24-010071-002-original,24-010071-002-original,PAIRED,RANDOM,VIRAL RNA,Influenza A virus,ILLUMINA,2024-04-20T00:00:00Z,2024-04-20T18:13:00Z,1,24-010071-002-original,H5N1,SRP503016
SRR28752489,WGS,289,19203081,PRJNA1102327,SAMN41019356,Viral,6231091,USDA-NVSL,2024,public,"fastq,run.zq,sra","gs,ncbi,s3","gs.us-east1,ncbi.public,s3.us-east-1",SRX24318155,USA,North America,USA,Cattle,Illumina iSeq 100,24-010071-001-original,24-010071-001-original,PAIRED,RANDOM,VIRAL RNA,Influenza A virus,ILLUMINA,2024-04-20T00:00:00Z,2024-04-20T18:13:00Z,1,24-010071-001-original,H5N1,SRP503016
SRR28752490,WGS,291,63037297,PRJNA1102327,SAMN41019355,Viral,20685704,USDA-NVSL,2024,public,"fastq,run.zq,sra","gs,ncbi,s3","gs.us-east1,ncbi.public,s3.us-east-1",SRX24318154,USA,North America,USA,Cattle,Illumina iSeq 100,24-009776-015-original,24-009776-015-original,PAIRED,RANDOM,VIRAL RNA,Influenza A virus,ILLUMINA,2024-04-20T00:00:00Z,2024-04-20T18:13:00Z,1,24-009776-015-original,H5N1,SRP503016
SRR28752491,WGS,290,80452502,PRJNA1102327,SAMN41019354,Viral,26403711,USDA-NVSL,2024,public,"fastq,run.zq,sra","gs,ncbi,s3","gs.us-east1,ncbi.public,s3.us-east-1",SRX24318153,USA,North America,USA,Cattle,Illumina iSeq 100,24-009776-004-original,24-009776-004-original,PAIRED,RANDOM,VIRAL RNA,Influenza A virus,ILLUMINA,2024-04-20T00:00:00Z,2024-04-20T18:13:00Z,1,24-009776-004-original,H5N1,SRP503016
SRR28752492,WGS,289,78502764,PRJNA1102327,SAMN41019353,Viral,25839794,USDA-NVSL,2024,public,"fastq,run.zq,sra","gs,ncbi,s3","gs.us-east1,ncbi.public,s3.us-east-1",SRX24318152,USA,North America,USA,Cattle,Illumina iSeq 100,24-009776-002-original,24-009776-002-original,PAIRED,RANDOM,VIRAL RNA,Influenza A virus,ILLUMINA,2024-04-20T00:00:00Z,2024-04-20T18:13:00Z,1,24-009776-002-original,H5N1,SRP503016
SRR28752493,WGS,290,56662124,PRJNA1102327,SAMN41019352,Viral,19213310,USDA-NVSL,2024,public,"fastq,run.zq,sra","gs,ncbi,s3","gs.us-east1,ncbi.public,s3.us-east-1",SRX24318151,USA,North America,USA,Cattle,Illumina iSeq 100,24-009776-001-original,24-009776-001-original,PAIRED,RANDOM,VIRAL RNA,Influenza A virus,ILLUMINA,2024-04-20T00:00:00Z,2024-04-20T18:13:00Z,1,24-009776-001-original,H5N1,SRP503016
SRR28752494,WGS,502,73944460,PRJNA1102327,SAMN41019351,Viral,24240444,USDA-NVSL,2024,public,"fastq,run.zq,sra","gs,ncbi,s3","gs.us-east1,ncbi.public,s3.us-east-1",SRX24318150,USA,North America,USA,Cattle,Illumina MiSeq,24-009775-001-original,24-009775-001-original,PAIRED,RANDOM,VIRAL RNA,Influenza A virus,ILLUMINA,2024-04-20T00:00:00Z,2024-04-20T18:13:00Z,1,24-009775-001-original,H5N1,SRP503016
SRR28752497,WGS,290,58486975,PRJNA1102327,SAMN41019348,Viral,18691194,USDA-NVSL,2024,public,"fastq,run.zq,sra","gs,ncbi,s3","gs.us-east1,ncbi.public,s3.us-east-1",SRX24318147,USA,North America,USA,Cattle,Illumina iSeq 100,24-009586-010-original,24-009586-010-original,PAIRED,RANDOM,VIRAL RNA,Influenza A virus,ILLUMINA,2024-04-20T00:00:00Z,2024-04-20T18:13:00Z,1,24-009586-010-original,H5N1,SRP503016
SRR28752498,WGS,289,109109693,PRJNA1102327,SAMN41019195,Viral,35147964,USDA-NVSL,2024,public,"fastq,run.zq,sra","gs,ncbi,s3","gs.us-east1,ncbi.public,s3.us-east-1",SRX24318146,USA,North America,USA,Cattle,Illumina iSeq 100,24-008660-002-original,24-008660-002-original,PAIRED,RANDOM,VIRAL RNA,Influenza A virus,ILLUMINA,2024-04-20T00:00:00Z,2024-04-20T18:13:00Z,1,24-008660-002-original,H5N1,SRP503016
SRR28752499,WGS,292,72262552,PRJNA1102327,SAMN41019347,Viral,23069581,USDA-NVSL,2024,public,"fastq,run.zq,sra","gs,ncbi,s3","gs.us-east1,ncbi.public,s3.us-east-1",SRX24318145,USA,North America,USA,Cattle,Illumina iSeq 100,24-009586-009-original,24-009586-009-original,PAIRED,RANDOM,VIRAL RNA,Influenza A virus,ILLUMINA,2024-04-20T00:00:00Z,2024-04-20T18:13:00Z,1,24-009586-009-original,H5N1,SRP503016
SRR28752500,WGS,292,66807542,PRJNA1102327,SAMN41019346,Viral,21537362,USDA-NVSL,2024,public,"fastq,run.zq,sra","gs,ncbi,s3","gs.us-east1,ncbi.public,s3.us-east-1",SRX24318144,USA,North America,USA,Cattle,Illumina iSeq 100,24-009586-008-original,24-009586-008-original,PAIRED,RANDOM,VIRAL RNA,Influenza A virus,ILLUMINA,2024-04-20T00:00:00Z,2024-04-20T18:13:00Z,1,24-009586-008-original,H5N1,SRP503016
SRR28752502,WGS,294,12139192,PRJNA1102327,SAMN41019344,Viral,3939593,USDA-NVSL,2024,public,"fastq,run.zq,sra","gs,ncbi,s3","gs.us-east1,ncbi.public,s3.us-east-1",SRX24318142,USA,North America,USA,Cattle,Illumina iSeq 100,24-009586-006-original,24-009586-006-original,PAIRED,RANDOM,VIRAL RNA,Influenza A virus,ILLUMINA,2024-04-20T00:00:00Z,2024-04-20T18:12:00Z,1,24-009586-006-original,H5N1,SRP503016
SRR28752503,WGS,294,85244097,PRJNA1102327,SAMN41019343,Viral,27179481,USDA-NVSL,2024,public,"fastq,run.zq,sra","gs,ncbi,s3","gs.us-east1,ncbi.public,s3.us-east-1",SRX24318141,USA,North America,USA,Cattle,Illumina iSeq 100,24-009586-005-original,24-009586-005-original,PAIRED,RANDOM,VIRAL RNA,Influenza A virus,ILLUMINA,2024-04-20T00:00:00Z,2024-04-20T18:13:00Z,1,24-009586-005-original,H5N1,SRP503016
SRR28752504,WGS,292,82902446,PRJNA1102327,SAMN41019342,Viral,26463307,USDA-NVSL,2024,public,"fastq,run.zq,sra","gs,ncbi,s3","gs.us-east1,ncbi.public,s3.us-east-1",SRX24318140,USA,North America,USA,Cattle,Illumina iSeq 100,24-009586-003-original,24-009586-003-original,PAIRED,RANDOM,VIRAL RNA,Influenza A virus,ILLUMINA,2024-04-20T00:00:00Z,2024-04-20T18:13:00Z,1,24-009586-003-original,H5N1,SRP503016
SRR28752505,WGS,294,87437275,PRJNA1102327,SAMN41019341,Viral,28260701,USDA-NVSL,2024,public,"fastq,run.zq,sra","gs,ncbi,s3","gs.us-east1,ncbi.public,s3.us-east-1",SRX24318139,USA,North America,USA,Cattle,Illumina iSeq 100,24-009586-002-original,24-009586-002-original,PAIRED,RANDOM,VIRAL RNA,Influenza A virus,ILLUMINA,2024-04-20T00:00:00Z,2024-04-20T18:13:00Z,1,24-009586-002-original,H5N1,SRP503016
SRR28752507,WGS,285,70845589,PRJNA1102327,SAMN41019339,Viral,23147311,USDA-NVSL,2024,public,"fastq,run.zq,sra","gs,ncbi,s3","gs.us-east1,ncbi.public,s3.us-east-1",SRX24318137,USA,North America,USA,Chicken,Illumina iSeq 100,24-009582-003-original,24-009582-003-original,PAIRED,RANDOM,VIRAL RNA,Influenza A virus,ILLUMINA,2024-04-20T00:00:00Z,2024-04-20T18:13:00Z,1,24-009582-003-original,H5N1,SRP503016
SRR28752508,WGS,288,86763379,PRJNA1102327,SAMN41019338,Viral,28550998,USDA-NVSL,2024,public,"fastq,run.zq,sra","gs,ncbi,s3","gs.us-east1,ncbi.public,s3.us-east-1",SRX24318136,USA,North America,USA,Chicken,Illumina iSeq 100,24-009582-002-original,24-009582-002-original,PAIRED,RANDOM,VIRAL RNA,Influenza A virus,ILLUMINA,2024-04-20T00:00:00Z,2024-04-20T18:13:00Z,1,24-009582-002-original,H5N1,SRP503016
SRR28752509,WGS,289,111421411,PRJNA1102327,SAMN41019194,Viral,35783288,USDA-NVSL,2024,public,"fastq,run.zq,sra","gs,ncbi,s3","gs.us-east1,ncbi.public,s3.us-east-1",SRX24318135,USA,North America,USA,Cattle,Illumina iSeq 100,24-008660-001-original,24-008660-001-original,PAIRED,RANDOM,VIRAL RNA,Influenza A virus,ILLUMINA,2024-04-20T00:00:00Z,2024-04-20T18:13:00Z,1,24-008660-001-original,H5N1,SRP503016
SRR28752510,WGS,459,114551721,PRJNA1102327,SAMN41019277,Viral,37314400,USDA-NVSL,2024,public,"fastq,run.zq,sra","gs,ncbi,s3","gs.us-east1,ncbi.public,s3.us-east-1",SRX24318134,USA,North America,USA,Cattle,Illumina MiSeq,24-009290-001-original,24-009290-001-original,PAIRED,RANDOM,VIRAL RNA,Influenza A virus,ILLUMINA,2024-04-20T00:00:00Z,2024-04-20T18:13:00Z,1,24-009290-001-original,H5N1,SRP503016
SRR28752511,WGS,291,50107127,PRJNA1102327,SAMN41019276,Viral,18360725,USDA-NVSL,2024,public,"fastq,run.zq,sra","gs,ncbi,s3","gs.us-east1,ncbi.public,s3.us-east-1",SRX24318133,USA,North America,USA,Cat,Illumina iSeq 100,24-009116-005-original,24-009116-005-original,PAIRED,RANDOM,VIRAL RNA,Influenza A virus,ILLUMINA,2024-04-20T00:00:00Z,2024-04-20T18:13:00Z,1,24-009116-005-original,H5N1,SRP503016
SRR28752513,WGS,247,51048711,PRJNA1102327,SAMN41019274,Viral,17967698,USDA-NVSL,2024,public,"fastq,run.zq,sra","gs,ncbi,s3","gs.us-east1,ncbi.public,s3.us-east-1",SRX24318131,USA,North America,USA,Cat,Illumina iSeq 100,24-009116-002-original,24-009116-002-original,PAIRED,RANDOM,VIRAL RNA,Influenza A virus,ILLUMINA,2024-04-20T00:00:00Z,2024-04-20T18:13:00Z,1,24-009116-002-original,H5N1,SRP503016
SRR28752514,WGS,485,114007518,PRJNA1102327,SAMN41019273,Viral,37294847,USDA-NVSL,2024,public,"fastq,run.zq,sra","gs,ncbi,s3","gs.us-east1,ncbi.public,s3.us-east-1",SRX24318130,USA,North America,USA,Cattle,Illumina MiSeq,24-009110-027-original,24-009110-027-original,PAIRED,RANDOM,VIRAL RNA,Influenza A virus,ILLUMINA,2024-04-20T00:00:00Z,2024-04-20T18:13:00Z,1,24-009110-027-original,H5N1,SRP503016
SRR28752516,WGS,468,106663017,PRJNA1102327,SAMN41019271,Viral,34812131,USDA-NVSL,2024,public,"fastq,run.zq,sra","gs,ncbi,s3","gs.us-east1,ncbi.public,s3.us-east-1",SRX24318128,USA,North America,USA,Cattle,Illumina MiSeq,24-009110-025-original,24-009110-025-original,PAIRED,RANDOM,VIRAL RNA,Influenza A virus,ILLUMINA,2024-04-20T00:00:00Z,2024-04-20T18:13:00Z,1,24-009110-025-original,H5N1,SRP503016
SRR28752517,WGS,479,88755671,PRJNA1102327,SAMN41019270,Viral,28947524,USDA-NVSL,2024,public,"fastq,run.zq,sra","gs,ncbi,s3","gs.us-east1,ncbi.public,s3.us-east-1",SRX24318127,USA,North America,USA,Cattle,Illumina MiSeq,24-009110-024-original,24-009110-024-original,PAIRED,RANDOM,VIRAL RNA,Influenza A virus,ILLUMINA,2024-04-20T00:00:00Z,2024-04-20T18:13:00Z,1,24-009110-024-original,H5N1,SRP503016
SRR28752518,WGS,496,98645455,PRJNA1102327,SAMN41019269,Viral,32234915,USDA-NVSL,2024,public,"fastq,run.zq,sra","gs,ncbi,s3","gs.us-east1,ncbi.public,s3.us-east-1",SRX24318126,USA,North America,USA,Cattle,Illumina MiSeq,24-009110-023-original,24-009110-023-original,PAIRED,RANDOM,VIRAL RNA,Influenza A virus,ILLUMINA,2024-04-20T00:00:00Z,2024-04-20T18:13:00Z,1,24-009110-023-original,H5N1,SRP503016
SRR28752519,WGS,447,75009424,PRJNA1102327,SAMN41019268,Viral,24549535,USDA-NVSL,2024,public,"fastq,run.zq,sra","gs,ncbi,s3","gs.us-east1,ncbi.public,s3.us-east-1",SRX24318125,USA,North America,USA,Cattle,Illumina MiSeq,24-009110-022-original,24-009110-022-original,PAIRED,RANDOM,VIRAL RNA,Influenza A virus,ILLUMINA,2024-04-20T00:00:00Z,2024-04-20T18:13:00Z,1,24-009110-022-original,H5N1,SRP503016
SRR28752520,WGS,291,64683231,PRJNA1102327,SAMN41019187,Viral,20143770,USDA-NVSL,2024,public,"fastq,run.zq,sra","gs,ncbi,s3","gs.us-east1,ncbi.public,s3.us-east-1",SRX24318124,USA,North America,USA,Chicken,Illumina iSeq 100,24-008355-003-original,24-008355-003-original,PAIRED,RANDOM,VIRAL RNA,Influenza A virus,ILLUMINA,2024-04-20T00:00:00Z,2024-04-20T18:13:00Z,1,24-008355-003-original,H5N1,SRP503016
SRR28752521,WGS,293,264452330,PRJNA1102327,SAMN41019208,Viral,87906749,USDA-NVSL,2024,public,"fastq,run.zq,sra","gs,ncbi,s3","gs.us-east1,ncbi.public,s3.us-east-1",SRX24318123,USA,North America,USA,Grackle,Illumina iSeq 100,24-008765-002-original,24-008765-002-original,PAIRED,RANDOM,VIRAL RNA,Influenza A virus,ILLUMINA,2024-04-20T00:00:00Z,2024-04-20T18:13:00Z,1,24-008765-002-original,H5N1,SRP503016
SRR28752522,WGS,450,57594496,PRJNA1102327,SAMN41019181,Viral,34756155,USDA-NVSL,2024,public,"fastq,run.zq,sra","gs,ncbi,s3","gs.us-east1,ncbi.public,s3.us-east-1",SRX24318122,USA,North America,USA,Skunk,Illumina MiSeq,24-006483-001-original,24-006483-001-original,PAIRED,RANDOM,VIRAL RNA,Influenza A virus,ILLUMINA,2024-04-20T00:00:00Z,2024-04-20T18:13:00Z,1,24-006483-001-original,H5N1,SRP503016
SRR28752523,WGS,295,212639947,PRJNA1102327,SAMN41019207,Viral,70111697,USDA-NVSL,2024,public,"fastq,run.zq,sra","gs,ncbi,s3","gs.us-east1,ncbi.public,s3.us-east-1",SRX24318121,USA,North America,USA,Cat,Illumina iSeq 100,24-008764-002-original,24-008764-002-original,PAIRED,RANDOM,VIRAL RNA,Influenza A virus,ILLUMINA,2024-04-20T00:00:00Z,2024-04-20T18:13:00Z,1,24-008764-002-original,H5N1,SRP503016
SRR28752525,WGS,475,117043575,PRJNA1102327,SAMN41019205,Viral,38376032,USDA-NVSL,2024,public,"fastq,run.zq,sra","gs,ncbi,s3","gs.us-east1,ncbi.public,s3.us-east-1",SRX24318119,USA,North America,USA,Cattle,Illumina MiSeq,24-008749-008-original-repeat,24-008749-008-original-repeat,PAIRED,RANDOM,VIRAL RNA,Influenza A virus,ILLUMINA,2024-04-20T00:00:00Z,2024-04-20T18:13:00Z,1,24-008749-008-original-repeat,H5N1,SRP503016
SRR28752526,WGS,294,64280401,PRJNA1102327,SAMN41019204,Viral,20850808,USDA-NVSL,2024,public,"fastq,run.zq,sra","gs,ncbi,s3","gs.us-east1,ncbi.public,s3.us-east-1",SRX24318118,USA,North America,USA,Cattle,Illumina iSeq 100,24-008749-007-original,24-008749-007-original,PAIRED,RANDOM,VIRAL RNA,Influenza A virus,ILLUMINA,2024-04-20T00:00:00Z,2024-04-20T18:13:00Z,1,24-008749-007-original,H5N1,SRP503016
SRR28752527,WGS,294,52791148,PRJNA1102327,SAMN41019203,Viral,16511544,USDA-NVSL,2024,public,"fastq,run.zq,sra","gs,ncbi,s3","gs.us-east1,ncbi.public,s3.us-east-1",SRX24318117,USA,North America,USA,Cattle,Illumina iSeq 100,24-008749-006-v,24-008749-006-v,PAIRED,RANDOM,VIRAL RNA,Influenza A virus,ILLUMINA,2024-04-20T00:00:00Z,2024-04-20T18:12:00Z,1,24-008749-006-v,H5N1,SRP503016
SRR28752529,WGS,288,65922799,PRJNA1102327,SAMN41019416,Viral,21247221,USDA-NVSL,2024,public,"fastq,run.zq,sra","gs,ncbi,s3","gs.us-east1,ncbi.public,s3.us-east-1",SRX24318115,USA,North America,USA,Cattle,Illumina iSeq 100,24-010514-002-original,24-010514-002-original,PAIRED,RANDOM,VIRAL RNA,Influenza A virus,ILLUMINA,2024-04-20T00:00:00Z,2024-04-20T18:13:00Z,1,24-010514-002-original,H5N1,SRP503016
SRR28752531,WGS,292,101934920,PRJNA1102327,SAMN41019414,Viral,32951740,USDA-NVSL,2024,public,"fastq,run.zq,sra","gs,ncbi,s3","gs.us-east1,ncbi.public,s3.us-east-1",SRX24318113,USA,North America,USA,Cattle,Illumina iSeq 100,24-010513-006-original,24-010513-006-original,PAIRED,RANDOM,VIRAL RNA,Influenza A virus,ILLUMINA,2024-04-20T00:00:00Z,2024-04-20T18:13:00Z,1,24-010513-006-original,H5N1,SRP503016
SRR28752532,WGS,292,77835950,PRJNA1102327,SAMN41019413,Viral,25225994,USDA-NVSL,2024,public,"fastq,run.zq,sra","gs,ncbi,s3","gs.us-east1,ncbi.public,s3.us-east-1",SRX24318112,USA,North America,USA,Cattle,Illumina iSeq 100,24-010513-004-original,24-010513-004-original,PAIRED,RANDOM,VIRAL RNA,Influenza A virus,ILLUMINA,2024-04-20T00:00:00Z,2024-04-20T18:13:00Z,1,24-010513-004-original,H5N1,SRP503016
SRR28752533,WGS,293,84592140,PRJNA1102327,SAMN41019412,Viral,27462357,USDA-NVSL,2024,public,"fastq,run.zq,sra","gs,ncbi,s3","gs.us-east1,ncbi.public,s3.us-east-1",SRX24318111,USA,North America,USA,Cattle,Illumina iSeq 100,24-010513-003-original,24-010513-003-original,PAIRED,RANDOM,VIRAL RNA,Influenza A virus,ILLUMINA,2024-04-20T00:00:00Z,2024-04-20T18:13:00Z,1,24-010513-003-original,H5N1,SRP503016
SRR28752534,WGS,290,71040475,PRJNA1102327,SAMN41019411,Viral,23190840,USDA-NVSL,2024,public,"fastq,run.zq,sra","gs,ncbi,s3","gs.us-east1,ncbi.public,s3.us-east-1",SRX24318110,USA,North America,USA,Cattle,Illumina iSeq 100,24-010513-002-original,24-010513-002-original,PAIRED,RANDOM,VIRAL RNA,Influenza A virus,ILLUMINA,2024-04-20T00:00:00Z,2024-04-20T18:13:00Z,1,24-010513-002-original,H5N1,SRP503016
SRR28752535,WGS,290,163011516,PRJNA1102327,SAMN41019410,Viral,52091675,USDA-NVSL,2024,public,"fastq,run.zq,sra","gs,ncbi,s3","gs.us-east1,ncbi.public,s3.us-east-1",SRX24318109,USA,North America,USA,Cattle,Illumina iSeq 100,24-010512-001-original,24-010512-001-original,PAIRED,RANDOM,VIRAL RNA,Influenza A virus,ILLUMINA,2024-04-20T00:00:00Z,2024-04-20T18:13:00Z,1,24-010512-001-original,H5N1,SRP503016
SRR28752536,WGS,292,164503085,PRJNA1102327,SAMN41019409,Viral,52734229,USDA-NVSL,2024,public,"fastq,run.zq,sra","gs,ncbi,s3","gs.us-east1,ncbi.public,s3.us-east-1",SRX24318108,USA,North America,USA,Chicken,Illumina iSeq 100,24-010482-001-original,24-010482-001-original,PAIRED,RANDOM,VIRAL RNA,Influenza A virus,ILLUMINA,2024-04-20T00:00:00Z,2024-04-20T18:13:00Z,1,24-010482-001-original,H5N1,SRP503016
SRR28752537,WGS,289,37300269,PRJNA1102327,SAMN41019408,Viral,12523710,USDA-NVSL,2024,public,"fastq,run.zq,sra","gs,ncbi,s3","gs.us-east1,ncbi.public,s3.us-east-1",SRX24318107,USA,North America,USA,Cattle,Illumina iSeq 100,24-010354-020-original,24-010354-020-original,PAIRED,RANDOM,VIRAL RNA,Influenza A virus,ILLUMINA,2024-04-20T00:00:00Z,2024-04-20T18:13:00Z,1,24-010354-020-original,H5N1,SRP503016
SRR28752538,WGS,292,103461881,PRJNA1102327,SAMN41019201,Viral,33342624,USDA-NVSL,2024,public,"fastq,run.zq,sra","gs,ncbi,s3","gs.us-east1,ncbi.public,s3.us-east-1",SRX24318106,USA,North America,USA,Cattle,Illumina iSeq 100,24-008749-005-original,24-008749-005-original,PAIRED,RANDOM,VIRAL RNA,Influenza A virus,ILLUMINA,2024-04-20T00:00:00Z,2024-04-20T18:13:00Z,1,24-008749-005-original,H5N1,SRP503016
SRR28752539,WGS,293,694398991,PRJNA1102327,SAMN41019407,Viral,232869876,USDA-NVSL,2024,public,"fastq,run.zq,sra","gs,ncbi,s3","gs.us-east1,ncbi.public,s3.us-east-1",SRX24318105,USA,North America,USA,Cattle,Illumina iSeq 100,24-010354-019-original-300,24-010354-019-original-300,PAIRED,RANDOM,VIRAL RNA,Influenza A virus,ILLUMINA,2024-04-20T00:00:00Z,2024-04-20T18:13:00Z,1,24-010354-019-original-300,H5N1,SRP503016
SRR28752541,WGS,293,922302263,PRJNA1102327,SAMN41019405,Viral,310600476,USDA-NVSL,2024,public,"fastq,run.zq,sra","gs,ncbi,s3","gs.us-east1,ncbi.public,s3.us-east-1",SRX24318103,USA,North America,USA,Cattle,Illumina iSeq 100,24-010354-017-original-300,24-010354-017-original-300,PAIRED,RANDOM,VIRAL RNA,Influenza A virus,ILLUMINA,2024-04-20T00:00:00Z,2024-04-20T18:14:00Z,1,24-010354-017-original-300,H5N1,SRP503016
SRR28752542,WGS,290,928172367,PRJNA1102327,SAMN41019404,Viral,312610099,USDA-NVSL,2024,public,"fastq,run.zq,sra","gs,ncbi,s3","gs.us-east1,ncbi.public,s3.us-east-1",SRX24318102,USA,North America,USA,Cattle,Illumina iSeq 100,24-010354-016-original-300,24-010354-016-original-300,PAIRED,RANDOM,VIRAL RNA,Influenza A virus,ILLUMINA,2024-04-20T00:00:00Z,2024-04-20T18:14:00Z,1,24-010354-016-original-300,H5N1,SRP503016
SRR28752543,WGS,292,882551568,PRJNA1102327,SAMN41019403,Viral,296377052,USDA-NVSL,2024,public,"fastq,run.zq,sra","gs,ncbi,s3","gs.us-east1,ncbi.public,s3.us-east-1",SRX24318101,USA,North America,USA,Cattle,Illumina iSeq 100,24-010354-015-original-300,24-010354-015-original-300,PAIRED,RANDOM,VIRAL RNA,Influenza A virus,ILLUMINA,2024-04-20T00:00:00Z,2024-04-20T18:13:00Z,1,24-010354-015-original-300,H5N1,SRP503016
SRR28752544,WGS,292,866019551,PRJNA1102327,SAMN41019402,Viral,290204648,USDA-NVSL,2024,public,"fastq,run.zq,sra","gs,ncbi,s3","gs.us-east1,ncbi.public,s3.us-east-1",SRX24318100,USA,North America,USA,Cattle,Illumina iSeq 100,24-010354-014-original-300,24-010354-014-original-300,PAIRED,RANDOM,VIRAL RNA,Influenza A virus,ILLUMINA,2024-04-20T00:00:00Z,2024-04-20T18:14:00Z,1,24-010354-014-original-300,H5N1,SRP503016
SRR28752545,WGS,293,609471196,PRJNA1102327,SAMN41019401,Viral,205348231,USDA-NVSL,2024,public,"fastq,run.zq,sra","gs,ncbi,s3","gs.us-east1,ncbi.public,s3.us-east-1",SRX24318099,USA,North America,USA,Cattle,Illumina iSeq 100,24-010354-013-original-300,24-010354-013-original-300,PAIRED,RANDOM,VIRAL RNA,Influenza A virus,ILLUMINA,2024-04-20T00:00:00Z,2024-04-20T18:13:00Z,1,24-010354-013-original-300,H5N1,SRP503016
SRR28752546,WGS,292,65006850,PRJNA1102327,SAMN41019400,Viral,21884244,USDA-NVSL,2024,public,"fastq,run.zq,sra","gs,ncbi,s3","gs.us-east1,ncbi.public,s3.us-east-1",SRX24318098,USA,North America,USA,Cattle,Illumina iSeq 100,24-010354-012-original,24-010354-012-original,PAIRED,RANDOM,VIRAL RNA,Influenza A virus,ILLUMINA,2024-04-20T00:00:00Z,2024-04-20T18:13:00Z,1,24-010354-012-original,H5N1,SRP503016
SRR28752547,WGS,287,25533757,PRJNA1102327,SAMN41019399,Viral,8750243,USDA-NVSL,2024,public,"fastq,run.zq,sra","gs,ncbi,s3","gs.us-east1,ncbi.public,s3.us-east-1",SRX24318097,USA,North America,USA,Cattle,Illumina iSeq 100,24-010354-011-original,24-010354-011-original,PAIRED,RANDOM,VIRAL RNA,Influenza A virus,ILLUMINA,2024-04-20T00:00:00Z,2024-04-20T18:13:00Z,1,24-010354-011-original,H5N1,SRP503016
SRR28752548,WGS,294,819381620,PRJNA1102327,SAMN41019398,Viral,275412460,USDA-NVSL,2024,public,"fastq,run.zq,sra","gs,ncbi,s3","gs.us-east1,ncbi.public,s3.us-east-1",SRX24318096,USA,North America,USA,Cattle,Illumina iSeq 100,24-010354-010-original-300,24-010354-010-original-300,PAIRED,RANDOM,VIRAL RNA,Influenza A virus,ILLUMINA,2024-04-20T00:00:00Z,2024-04-20T18:13:00Z,1,24-010354-010-original-300,H5N1,SRP503016
SRR28752550,WGS,294,324338191,PRJNA1102327,SAMN41019397,Viral,109598835,USDA-NVSL,2024,public,"fastq,run.zq,sra","gs,ncbi,s3","gs.us-east1,ncbi.public,s3.us-east-1",SRX24318094,USA,North America,USA,Cattle,Illumina iSeq 100,24-010354-009-original-300,24-010354-009-original-300,PAIRED,RANDOM,VIRAL RNA,Influenza A virus,ILLUMINA,2024-04-20T00:00:00Z,2024-04-20T18:13:00Z,1,24-010354-009-original-300,H5N1,SRP503016
SRR28752552,WGS,290,761319183,PRJNA1102327,SAMN41019395,Viral,256896117,USDA-NVSL,2024,public,"fastq,run.zq,sra","gs,ncbi,s3","gs.us-east1,ncbi.public,s3.us-east-1",SRX24318092,USA,North America,USA,Cattle,Illumina iSeq 100,24-010354-006-original-300,24-010354-006-original-300,PAIRED,RANDOM,VIRAL RNA,Influenza A virus,ILLUMINA,2024-04-20T00:00:00Z,2024-04-20T18:13:00Z,1,24-010354-006-original-300,H5N1,SRP503016
SRR28752553,WGS,288,73958236,PRJNA1102327,SAMN41019337,Viral,24272792,USDA-NVSL,2024,public,"fastq,run.zq,sra","gs,ncbi,s3","gs.us-east1,ncbi.public,s3.us-east-1",SRX24318091,USA,North America,USA,Chicken,Illumina iSeq 100,24-009582-001-original,24-009582-001-original,PAIRED,RANDOM,VIRAL RNA,Influenza A virus,ILLUMINA,2024-04-20T00:00:00Z,2024-04-20T18:13:00Z,1,24-009582-001-original,H5N1,SRP503016
SRR28752554,WGS,293,78248011,PRJNA1102327,SAMN41019336,Viral,25035449,USDA-NVSL,2024,public,"fastq,run.zq,sra","gs,ncbi,s3","gs.us-east1,ncbi.public,s3.us-east-1",SRX24318090,USA,North America,USA,Cattle,Illumina iSeq 100,24-009581-002-original,24-009581-002-original,PAIRED,RANDOM,VIRAL RNA,Influenza A virus,ILLUMINA,2024-04-20T00:00:00Z,2024-04-20T18:13:00Z,1,24-009581-002-original,H5N1,SRP503016
SRR28752556,WGS,289,30111937,PRJNA1102327,SAMN41019334,Viral,9857211,USDA-NVSL,2024,public,"fastq,run.zq,sra","gs,ncbi,s3","gs.us-east1,ncbi.public,s3.us-east-1",SRX24318088,USA,North America,USA,Cattle,Illumina iSeq 100,24-009497-014-original,24-009497-014-original,PAIRED,RANDOM,VIRAL RNA,Influenza A virus,ILLUMINA,2024-04-20T00:00:00Z,2024-04-20T18:13:00Z,1,24-009497-014-original,H5N1,SRP503016
SRR28752557,WGS,273,28761533,PRJNA1102327,SAMN41019333,Viral,9379455,USDA-NVSL,2024,public,"fastq,run.zq,sra","gs,ncbi,s3","gs.us-east1,ncbi.public,s3.us-east-1",SRX24318087,USA,North America,USA,Cattle,Illumina iSeq 100,24-009497-012-original,24-009497-012-original,PAIRED,RANDOM,VIRAL RNA,Influenza A virus,ILLUMINA,2024-04-20T00:00:00Z,2024-04-20T18:13:00Z,1,24-009497-012-original,H5N1,SRP503016
SRR28752559,WGS,293,67038743,PRJNA1102327,SAMN41019331,Viral,21589353,USDA-NVSL,2024,public,"fastq,run.zq,sra","gs,ncbi,s3","gs.us-east1,ncbi.public,s3.us-east-1",SRX24318085,USA,North America,USA,Cattle,Illumina iSeq 100,24-009497-010-original,24-009497-010-original,PAIRED,RANDOM,VIRAL RNA,Influenza A virus,ILLUMINA,2024-04-20T00:00:00Z,2024-04-20T18:13:00Z,1,24-009497-010-original,H5N1,SRP503016
SRR28752560,WGS,292,57899743,PRJNA1102327,SAMN41019330,Viral,18453964,USDA-NVSL,2024,public,"fastq,run.zq,sra","gs,ncbi,s3","gs.us-east1,ncbi.public,s3.us-east-1",SRX24318084,USA,North America,USA,Cattle,Illumina iSeq 100,24-009497-009-original,24-009497-009-original,PAIRED,RANDOM,VIRAL RNA,Influenza A virus,ILLUMINA,2024-04-20T00:00:00Z,2024-04-20T18:13:00Z,1,24-009497-009-original,H5N1,SRP503016
SRR28752561,WGS,292,47949498,PRJNA1102327,SAMN41019329,Viral,15451550,USDA-NVSL,2024,public,"fastq,run.zq,sra","gs,ncbi,s3","gs.us-east1,ncbi.public,s3.us-east-1",SRX24318083,USA,North America,USA,Cattle,Illumina iSeq 100,24-009497-008-original,24-009497-008-original,PAIRED,RANDOM,VIRAL RNA,Influenza A virus,ILLUMINA,2024-04-20T00:00:00Z,2024-04-20T18:13:00Z,1,24-009497-008-original,H5N1,SRP503016
SRR28752562,WGS,291,61553648,PRJNA1102327,SAMN41019328,Viral,19901553,USDA-NVSL,2024,public,"fastq,run.zq,sra","gs,ncbi,s3","gs.us-east1,ncbi.public,s3.us-east-1",SRX24318082,USA,North America,USA,Cattle,Illumina iSeq 100,24-009497-007-original,24-009497-007-original,PAIRED,RANDOM,VIRAL RNA,Influenza A virus,ILLUMINA,2024-04-20T00:00:00Z,2024-04-20T18:13:00Z,1,24-009497-007-original,H5N1,SRP503016
SRR28752564,WGS,292,55550696,PRJNA1102327,SAMN41019327,Viral,17918698,USDA-NVSL,2024,public,"fastq,run.zq,sra","gs,ncbi,s3","gs.us-east1,ncbi.public,s3.us-east-1",SRX24318080,USA,North America,USA,Cattle,Illumina iSeq 100,24-009497-006-original,24-009497-006-original,PAIRED,RANDOM,VIRAL RNA,Influenza A virus,ILLUMINA,2024-04-20T00:00:00Z,2024-04-20T18:13:00Z,1,24-009497-006-original,H5N1,SRP503016
SRR28752567,WGS,291,40013553,PRJNA1102327,SAMN41019324,Viral,12942278,USDA-NVSL,2024,public,"fastq,run.zq,sra","gs,ncbi,s3","gs.us-east1,ncbi.public,s3.us-east-1",SRX24318077,USA,North America,USA,Cattle,Illumina iSeq 100,24-009497-003-original,24-009497-003-original,PAIRED,RANDOM,VIRAL RNA,Influenza A virus,ILLUMINA,2024-04-20T00:00:00Z,2024-04-20T18:13:00Z,1,24-009497-003-original,H5N1,SRP503016
SRR28752569,WGS,445,53186830,PRJNA1102327,SAMN41019322,Viral,29164352,USDA-NVSL,2024,public,"fastq,run.zq,sra","gs,ncbi,s3","gs.us-east1,ncbi.public,s3.us-east-1",SRX24318075,USA,North America,USA,Cattle,Illumina MiSeq,24-009495-012-original,24-009495-012-original,PAIRED,RANDOM,VIRAL RNA,Influenza A virus,ILLUMINA,2024-04-20T00:00:00Z,2024-04-20T18:13:00Z,1,24-009495-012-original,H5N1,SRP503016
SRR28752570,WGS,440,47200878,PRJNA1102327,SAMN41019321,Viral,25678002,USDA-NVSL,2024,public,"fastq,run.zq,sra","gs,ncbi,s3","gs.us-east1,ncbi.public,s3.us-east-1",SRX24318074,USA,North America,USA,Cattle,Illumina MiSeq,24-009495-011-original,24-009495-011-original,PAIRED,RANDOM,VIRAL RNA,Influenza A virus,ILLUMINA,2024-04-20T00:00:00Z,2024-04-20T18:12:00Z,1,24-009495-011-original,H5N1,SRP503016
SRR28752571,WGS,433,57352415,PRJNA1102327,SAMN41019320,Viral,32245859,USDA-NVSL,2024,public,"fastq,run.zq,sra","gs,ncbi,s3","gs.us-east1,ncbi.public,s3.us-east-1",SRX24318073,USA,North America,USA,Cattle,Illumina MiSeq,24-009495-010-original,24-009495-010-original,PAIRED,RANDOM,VIRAL RNA,Influenza A virus,ILLUMINA,2024-04-20T00:00:00Z,2024-04-20T18:13:00Z,1,24-009495-010-original,H5N1,SRP503016
SRR28752573,WGS,442,51622498,PRJNA1102327,SAMN41019318,Viral,28146464,USDA-NVSL,2024,public,"fastq,run.zq,sra","gs,ncbi,s3","gs.us-east1,ncbi.public,s3.us-east-1",SRX24318071,USA,North America,USA,Cattle,Illumina MiSeq,24-009495-008-original,24-009495-008-original,PAIRED,RANDOM,VIRAL RNA,Influenza A virus,ILLUMINA,2024-04-20T00:00:00Z,2024-04-20T18:14:00Z,1,24-009495-008-original,H5N1,SRP503016
SRR28752574,WGS,285,92105852,PRJNA1102327,SAMN41019192,Viral,29537218,USDA-NVSL,2024,public,"fastq,run.zq,sra","gs,ncbi,s3","gs.us-east1,ncbi.public,s3.us-east-1",SRX24318070,USA,North America,USA,Grackle,Illumina iSeq 100,24-008356-003-original,24-008356-003-original,PAIRED,RANDOM,VIRAL RNA,Influenza A virus,ILLUMINA,2024-04-20T00:00:00Z,2024-04-20T18:13:00Z,1,24-008356-003-original,H5N1,SRP503016
SRR28752575,WGS,427,65721147,PRJNA1102327,SAMN41019317,Viral,37280718,USDA-NVSL,2024,public,"fastq,run.zq,sra","gs,ncbi,s3","gs.us-east1,ncbi.public,s3.us-east-1",SRX24318069,USA,North America,USA,Cattle,Illumina MiSeq,24-009495-003-original,24-009495-003-original,PAIRED,RANDOM,VIRAL RNA,Influenza A virus,ILLUMINA,2024-04-20T00:00:00Z,2024-04-20T18:13:00Z,1,24-009495-003-original,H5N1,SRP503016
SRR28752576,WGS,441,65812354,PRJNA1102327,SAMN41019316,Viral,35870936,USDA-NVSL,2024,public,"fastq,run.zq,sra","gs,ncbi,s3","gs.us-east1,ncbi.public,s3.us-east-1",SRX24318068,USA,North America,USA,Cattle,Illumina MiSeq,24-009495-002-original,24-009495-002-original,PAIRED,RANDOM,VIRAL RNA,Influenza A virus,ILLUMINA,2024-04-20T00:00:00Z,2024-04-20T18:13:00Z,1,24-009495-002-original,H5N1,SRP503016
SRR28752577,WGS,437,63700922,PRJNA1102327,SAMN41019315,Viral,33960899,USDA-NVSL,2024,public,"fastq,run.zq,sra","gs,ncbi,s3","gs.us-east1,ncbi.public,s3.us-east-1",SRX24318067,USA,North America,USA,Cattle,Illumina MiSeq,24-009495-001-original,24-009495-001-original,PAIRED,RANDOM,VIRAL RNA,Influenza A virus,ILLUMINA,2024-04-20T00:00:00Z,2024-04-20T18:13:00Z,1,24-009495-001-original,H5N1,SRP503016
SRR28752578,WGS,291,30931018,PRJNA1102327,SAMN41019314,Viral,11434011,USDA-NVSL,2024,public,"fastq,run.zq,sra","gs,ncbi,s3","gs.us-east1,ncbi.public,s3.us-east-1",SRX24318066,USA,North America,USA,Cattle,Illumina iSeq 100,24-009491-007-original,24-009491-007-original,PAIRED,RANDOM,VIRAL RNA,Influenza A virus,ILLUMINA,2024-04-20T00:00:00Z,2024-04-20T18:13:00Z,1,24-009491-007-original,H5N1,SRP503016
SRR28752579,WGS,288,68299994,PRJNA1102327,SAMN41019313,Viral,22725797,USDA-NVSL,2024,public,"fastq,run.zq,sra","gs,ncbi,s3","gs.us-east1,ncbi.public,s3.us-east-1",SRX24318065,USA,North America,USA,Cattle,Illumina iSeq 100,24-009491-006-original,24-009491-006-original,PAIRED,RANDOM,VIRAL RNA,Influenza A virus,ILLUMINA,2024-04-20T00:00:00Z,2024-04-20T18:13:00Z,1,24-009491-006-original,H5N1,SRP503016
SRR28752580,WGS,289,28950555,PRJNA1102327,SAMN41019312,Viral,10619707,USDA-NVSL,2024,public,"fastq,run.zq,sra","gs,ncbi,s3","gs.us-east1,ncbi.public,s3.us-east-1",SRX24318064,USA,North America,USA,Cattle,Illumina iSeq 100,24-009491-005-original,24-009491-005-original,PAIRED,RANDOM,VIRAL RNA,Influenza A virus,ILLUMINA,2024-04-20T00:00:00Z,2024-04-20T18:13:00Z,1,24-009491-005-original,H5N1,SRP503016
SRR28752581,WGS,291,55802421,PRJNA1102327,SAMN41019311,Viral,20559798,USDA-NVSL,2024,public,"fastq,run.zq,sra","gs,ncbi,s3","gs.us-east1,ncbi.public,s3.us-east-1",SRX24318063,USA,North America,USA,Cattle,Illumina iSeq 100,24-009491-003-original,24-009491-003-original,PAIRED,RANDOM,VIRAL RNA,Influenza A virus,ILLUMINA,2024-04-20T00:00:00Z,2024-04-20T18:12:00Z,1,24-009491-003-original,H5N1,SRP503016
SRR28752582,WGS,289,64670722,PRJNA1102327,SAMN41019310,Viral,21299719,USDA-NVSL,2024,public,"fastq,run.zq,sra","gs,ncbi,s3","gs.us-east1,ncbi.public,s3.us-east-1",SRX24318062,USA,North America,USA,Cattle,Illumina iSeq 100,24-009491-002-original,24-009491-002-original,PAIRED,RANDOM,VIRAL RNA,Influenza A virus,ILLUMINA,2024-04-20T00:00:00Z,2024-04-20T18:12:00Z,1,24-009491-002-original,H5N1,SRP503016
SRR28752583,WGS,290,38210633,PRJNA1102327,SAMN41019309,Viral,14162737,USDA-NVSL,2024,public,"fastq,run.zq,sra","gs,ncbi,s3","gs.us-east1,ncbi.public,s3.us-east-1",SRX24318061,USA,North America,USA,Cattle,Illumina iSeq 100,24-009491-001-original,24-009491-001-original,PAIRED,RANDOM,VIRAL RNA,Influenza A virus,ILLUMINA,2024-04-20T00:00:00Z,2024-04-20T18:13:00Z,1,24-009491-001-original,H5N1,SRP503016
SRR28752586,WGS,462,74819420,PRJNA1102327,SAMN41019266,Viral,24558862,USDA-NVSL,2024,public,"fastq,run.zq,sra","gs,ncbi,s3","gs.us-east1,ncbi.public,s3.us-east-1",SRX24318058,USA,North America,USA,Cattle,Illumina MiSeq,24-009110-020-original,24-009110-020-original,PAIRED,RANDOM,VIRAL RNA,Influenza A virus,ILLUMINA,2024-04-20T00:00:00Z,2024-04-20T18:13:00Z,1,24-009110-020-original,H5N1,SRP503016
SRR28752587,WGS,467,111908845,PRJNA1102327,SAMN41019265,Viral,36572269,USDA-NVSL,2024,public,"fastq,run.zq,sra","gs,ncbi,s3","gs.us-east1,ncbi.public,s3.us-east-1",SRX24318057,USA,North America,USA,Cattle,Illumina MiSeq,24-009110-019-original,24-009110-019-original,PAIRED,RANDOM,VIRAL RNA,Influenza A virus,ILLUMINA,2024-04-20T00:00:00Z,2024-04-20T18:13:00Z,1,24-009110-019-original,H5N1,SRP503016
SRR28752588,WGS,492,89012012,PRJNA1102327,SAMN41019264,Viral,29071403,USDA-NVSL,2024,public,"fastq,run.zq,sra","gs,ncbi,s3","gs.us-east1,ncbi.public,s3.us-east-1",SRX24318056,USA,North America,USA,Cattle,Illumina MiSeq,24-009110-018-original,24-009110-018-original,PAIRED,RANDOM,VIRAL RNA,Influenza A virus,ILLUMINA,2024-04-20T00:00:00Z,2024-04-20T18:13:00Z,1,24-009110-018-original,H5N1,SRP503016
SRR28752590,WGS,451,74857977,PRJNA1102327,SAMN41019262,Viral,24486877,USDA-NVSL,2024,public,"fastq,run.zq,sra","gs,ncbi,s3","gs.us-east1,ncbi.public,s3.us-east-1",SRX24318054,USA,North America,USA,Cattle,Illumina MiSeq,24-009110-016-original,24-009110-016-original,PAIRED,RANDOM,VIRAL RNA,Influenza A virus,ILLUMINA,2024-04-20T00:00:00Z,2024-04-20T18:13:00Z,1,24-009110-016-original,H5N1,SRP503016
SRR28752592,WGS,475,67455232,PRJNA1102327,SAMN41019260,Viral,21970832,USDA-NVSL,2024,public,"fastq,run.zq,sra","gs,ncbi,s3","gs.us-east1,ncbi.public,s3.us-east-1",SRX24318052,USA,North America,USA,Cattle,Illumina MiSeq,24-009110-014-original,24-009110-014-original,PAIRED,RANDOM,VIRAL RNA,Influenza A virus,ILLUMINA,2024-04-20T00:00:00Z,2024-04-20T18:13:00Z,1,24-009110-014-original,H5N1,SRP503016
SRR28752593,WGS,508,90816726,PRJNA1102327,SAMN41019259,Viral,29798738,USDA-NVSL,2024,public,"fastq,run.zq,sra","gs,ncbi,s3","gs.us-east1,ncbi.public,s3.us-east-1",SRX24318051,USA,North America,USA,Cattle,Illumina MiSeq,24-009110-012-original,24-009110-012-original,PAIRED,RANDOM,VIRAL RNA,Influenza A virus,ILLUMINA,2024-04-20T00:00:00Z,2024-04-20T18:13:00Z,1,24-009110-012-original,H5N1,SRP503016
SRR28752595,WGS,293,84997067,PRJNA1102327,SAMN41019186,Viral,26575962,USDA-NVSL,2024,public,"fastq,run.zq,sra","gs,ncbi,s3","gs.us-east1,ncbi.public,s3.us-east-1",SRX24318049,USA,North America,USA,Chicken,Illumina iSeq 100,24-008355-002-original,24-008355-002-original,PAIRED,RANDOM,VIRAL RNA,Influenza A virus,ILLUMINA,2024-04-20T00:00:00Z,2024-04-20T18:13:00Z,1,24-008355-002-original,H5N1,SRP503016
SRR28752596,WGS,512,96692148,PRJNA1102327,SAMN41019257,Viral,31672719,USDA-NVSL,2024,public,"fastq,run.zq,sra","gs,ncbi,s3","gs.us-east1,ncbi.public,s3.us-east-1",SRX24318048,USA,North America,USA,Cattle,Illumina MiSeq,24-009110-010-original,24-009110-010-original,PAIRED,RANDOM,VIRAL RNA,Influenza A virus,ILLUMINA,2024-04-20T00:00:00Z,2024-04-20T18:13:00Z,1,24-009110-010-original,H5N1,SRP503016
SRR28752597,WGS,506,92968585,PRJNA1102327,SAMN41019256,Viral,30647067,USDA-NVSL,2024,public,"fastq,run.zq,sra","gs,ncbi,s3","gs.us-east1,ncbi.public,s3.us-east-1",SRX24318047,USA,North America,USA,Cattle,Illumina MiSeq,24-009110-009-original,24-009110-009-original,PAIRED,RANDOM,VIRAL RNA,Influenza A virus,ILLUMINA,2024-04-20T00:00:00Z,2024-04-20T18:13:00Z,1,24-009110-009-original,H5N1,SRP503016
SRR28752599,WGS,290,47467385,PRJNA1102327,SAMN41019254,Viral,16584611,USDA-NVSL,2024,public,"fastq,run.zq,sra","gs,ncbi,s3","gs.us-east1,ncbi.public,s3.us-east-1",SRX24318045,USA,North America,USA,Cattle,Illumina iSeq 100,24-009110-007-original,24-009110-007-original,PAIRED,RANDOM,VIRAL RNA,Influenza A virus,ILLUMINA,2024-04-20T00:00:00Z,2024-04-20T18:13:00Z,1,24-009110-007-original,H5N1,SRP503016
SRR28752601,WGS,281,33716918,PRJNA1102327,SAMN41019252,Viral,11822155,USDA-NVSL,2024,public,"fastq,run.zq,sra","gs,ncbi,s3","gs.us-east1,ncbi.public,s3.us-east-1",SRX24318043,USA,North America,USA,Cattle,Illumina iSeq 100,24-009110-005-original,24-009110-005-original,PAIRED,RANDOM,VIRAL RNA,Influenza A virus,ILLUMINA,2024-04-20T00:00:00Z,2024-04-20T18:13:00Z,1,24-009110-005-original,H5N1,SRP503016
SRR28752602,WGS,286,35472797,PRJNA1102327,SAMN41019251,Viral,12407311,USDA-NVSL,2024,public,"fastq,run.zq,sra","gs,ncbi,s3","gs.us-east1,ncbi.public,s3.us-east-1",SRX24318042,USA,North America,USA,Cattle,Illumina iSeq 100,24-009110-004-original,24-009110-004-original,PAIRED,RANDOM,VIRAL RNA,Influenza A virus,ILLUMINA,2024-04-20T00:00:00Z,2024-04-20T18:13:00Z,1,24-009110-004-original,H5N1,SRP503016
SRR28752603,WGS,293,28403939,PRJNA1102327,SAMN41019250,Viral,10582002,USDA-NVSL,2024,public,"fastq,run.zq,sra","gs,ncbi,s3","gs.us-east1,ncbi.public,s3.us-east-1",SRX24318041,USA,North America,USA,Cattle,Illumina iSeq 100,24-009110-003-original-repeat,24-009110-003-original-repeat,PAIRED,RANDOM,VIRAL RNA,Influenza A virus,ILLUMINA,2024-04-20T00:00:00Z,2024-04-20T18:13:00Z,1,24-009110-003-original-repeat,H5N1,SRP503016
SRR28752604,WGS,289,40943552,PRJNA1102327,SAMN41019249,Viral,14409372,USDA-NVSL,2024,public,"fastq,run.zq,sra","gs,ncbi,s3","gs.us-east1,ncbi.public,s3.us-east-1",SRX24318040,USA,North America,USA,Cattle,Illumina iSeq 100,24-009110-002-original,24-009110-002-original,PAIRED,RANDOM,VIRAL RNA,Influenza A virus,ILLUMINA,2024-04-20T00:00:00Z,2024-04-20T18:13:00Z,1,24-009110-002-original,H5N1,SRP503016
SRR28752605,WGS,289,45663884,PRJNA1102327,SAMN41019248,Viral,15811496,USDA-NVSL,2024,public,"fastq,run.zq,sra","gs,ncbi,s3","gs.us-east1,ncbi.public,s3.us-east-1",SRX24318039,USA,North America,USA,Cattle,Illumina iSeq 100,24-009110-001-original,24-009110-001-original,PAIRED,RANDOM,VIRAL RNA,Influenza A virus,ILLUMINA,2024-04-20T00:00:00Z,2024-04-20T18:13:00Z,1,24-009110-001-original,H5N1,SRP503016
SRR28752606,WGS,396,46781686,PRJNA1102327,SAMN41019185,Viral,31087081,USDA-NVSL,2024,public,"fastq,run.zq,sra","gs,ncbi,s3","gs.us-east1,ncbi.public,s3.us-east-1",SRX24318038,USA,North America,USA,Chicken,Illumina MiSeq,24-008355-001-original,24-008355-001-original,PAIRED,RANDOM,VIRAL RNA,Influenza A virus,ILLUMINA,2024-04-20T00:00:00Z,2024-04-20T18:13:00Z,1,24-008355-001-original,H5N1,SRP503016
SRR28752607,WGS,478,121383330,PRJNA1102327,SAMN41019247,Viral,39502886,USDA-NVSL,2024,public,"fastq,run.zq,sra","gs,ncbi,s3","gs.us-east1,ncbi.public,s3.us-east-1",SRX24318037,USA,North America,USA,Cattle,Illumina MiSeq,24-009109-008-original,24-009109-008-original,PAIRED,RANDOM,VIRAL RNA,Influenza A virus,ILLUMINA,2024-04-20T00:00:00Z,2024-04-20T18:13:00Z,1,24-009109-008-original,H5N1,SRP503016
SRR28752609,WGS,506,175384012,PRJNA1102327,SAMN41019245,Viral,56802691,USDA-NVSL,2024,public,"fastq,run.zq,sra","gs,ncbi,s3","gs.us-east1,ncbi.public,s3.us-east-1",SRX24318035,USA,North America,USA,Cattle,Illumina MiSeq,24-009109-006-original,24-009109-006-original,PAIRED,RANDOM,VIRAL RNA,Influenza A virus,ILLUMINA,2024-04-20T00:00:00Z,2024-04-20T18:13:00Z,1,24-009109-006-original,H5N1,SRP503016
SRR28752610,WGS,472,106136915,PRJNA1102327,SAMN41019244,Viral,34676102,USDA-NVSL,2024,public,"fastq,run.zq,sra","gs,ncbi,s3","gs.us-east1,ncbi.public,s3.us-east-1",SRX24318034,USA,North America,USA,Cattle,Illumina MiSeq,24-009109-005-original,24-009109-005-original,PAIRED,RANDOM,VIRAL RNA,Influenza A virus,ILLUMINA,2024-04-20T00:00:00Z,2024-04-20T18:13:00Z,1,24-009109-005-original,H5N1,SRP503016
SRR28752611,WGS,504,90629677,PRJNA1102327,SAMN41019243,Viral,29575871,USDA-NVSL,2024,public,"fastq,run.zq,sra","gs,ncbi,s3","gs.us-east1,ncbi.public,s3.us-east-1",SRX24318033,USA,North America,USA,Cattle,Illumina MiSeq,24-009109-004-original,24-009109-004-original,PAIRED,RANDOM,VIRAL RNA,Influenza A virus,ILLUMINA,2024-04-20T00:00:00Z,2024-04-20T18:13:00Z,1,24-009109-004-original,H5N1,SRP503016
SRR28752612,WGS,464,103573912,PRJNA1102327,SAMN41019242,Viral,33828744,USDA-NVSL,2024,public,"fastq,run.zq,sra","gs,ncbi,s3","gs.us-east1,ncbi.public,s3.us-east-1",SRX24318032,USA,North America,USA,Cattle,Illumina MiSeq,24-009109-003-original,24-009109-003-original,PAIRED,RANDOM,VIRAL RNA,Influenza A virus,ILLUMINA,2024-04-20T00:00:00Z,2024-04-20T18:13:00Z,1,24-009109-003-original,H5N1,SRP503016
SRR28752613,WGS,293,67309456,PRJNA1102327,SAMN41019241,Viral,21951385,USDA-NVSL,2024,public,"fastq,run.zq,sra","gs,ncbi,s3","gs.us-east1,ncbi.public,s3.us-east-1",SRX24318031,USA,North America,USA,Cattle,Illumina iSeq 100,24-009109-002-original,24-009109-002-original,PAIRED,RANDOM,VIRAL RNA,Influenza A virus,ILLUMINA,2024-04-20T00:00:00Z,2024-04-20T18:13:00Z,1,24-009109-002-original,H5N1,SRP503016
SRR28752614,WGS,462,127643442,PRJNA1102327,SAMN41019240,Viral,41591195,USDA-NVSL,2024,public,"fastq,run.zq,sra","gs,ncbi,s3","gs.us-east1,ncbi.public,s3.us-east-1",SRX24318030,USA,North America,USA,Cattle,Illumina MiSeq,24-009109-001-original,24-009109-001-original,PAIRED,RANDOM,VIRAL RNA,Influenza A virus,ILLUMINA,2024-04-20T00:00:00Z,2024-04-20T18:13:00Z,1,24-009109-001-original,H5N1,SRP503016
SRR28752615,WGS,502,126787259,PRJNA1102327,SAMN41019239,Viral,41467775,USDA-NVSL,2024,public,"fastq,run.zq,sra","gs,ncbi,s3","gs.us-east1,ncbi.public,s3.us-east-1",SRX24318029,USA,North America,USA,Cattle,Illumina MiSeq,24-009108-007-original,24-009108-007-original,PAIRED,RANDOM,VIRAL RNA,Influenza A virus,ILLUMINA,2024-04-20T00:00:00Z,2024-04-20T18:13:00Z,1,24-009108-007-original,H5N1,SRP503016
SRR28752616,WGS,476,113320841,PRJNA1102327,SAMN41019238,Viral,37803836,USDA-NVSL,2024,public,"fastq,run.zq,sra","gs,ncbi,s3","gs.us-east1,ncbi.public,s3.us-east-1",SRX24318028,USA,North America,USA,Cattle,Illumina MiSeq,24-009108-006-original,24-009108-006-original,PAIRED,RANDOM,VIRAL RNA,Influenza A virus,ILLUMINA,2024-04-20T00:00:00Z,2024-04-20T18:13:00Z,1,24-009108-006-original,H5N1,SRP503016
SRR28752617,WGS,293,105218605,PRJNA1102327,SAMN41019394,Viral,35095390,USDA-NVSL,2024,public,"fastq,run.zq,sra","gs,ncbi,s3","gs.us-east1,ncbi.public,s3.us-east-1",SRX24318027,USA,North America,USA,Cattle,Illumina iSeq 100,24-010354-005-original,24-010354-005-original,PAIRED,RANDOM,VIRAL RNA,Influenza A virus,ILLUMINA,2024-04-20T00:00:00Z,2024-04-20T18:13:00Z,1,24-010354-005-original,H5N1,SRP503016
SRR28752618,WGS,293,745170210,PRJNA1102327,SAMN41019393,Viral,251636170,USDA-NVSL,2024,public,"fastq,run.zq,sra","gs,ncbi,s3","gs.us-east1,ncbi.public,s3.us-east-1",SRX24318026,USA,North America,USA,Cattle,Illumina iSeq 100,24-010354-004-original-300,24-010354-004-original-300,PAIRED,RANDOM,VIRAL RNA,Influenza A virus,ILLUMINA,2024-04-20T00:00:00Z,2024-04-20T18:13:00Z,1,24-010354-004-original-300,H5N1,SRP503016
SRR28752619,WGS,293,88030289,PRJNA1102327,SAMN41019392,Viral,29349301,USDA-NVSL,2024,public,"fastq,run.zq,sra","gs,ncbi,s3","gs.us-east1,ncbi.public,s3.us-east-1",SRX24318025,USA,North America,USA,Cattle,Illumina iSeq 100,24-010354-003-original,24-010354-003-original,PAIRED,RANDOM,VIRAL RNA,Influenza A virus,ILLUMINA,2024-04-20T00:00:00Z,2024-04-20T18:13:00Z,1,24-010354-003-original,H5N1,SRP503016
SRR28752621,WGS,291,110953091,PRJNA1102327,SAMN41019390,Viral,36905121,USDA-NVSL,2024,public,"fastq,run.zq,sra","gs,ncbi,s3","gs.us-east1,ncbi.public,s3.us-east-1",SRX24318023,USA,North America,USA,Cattle,Illumina iSeq 100,24-010354-001-original,24-010354-001-original,PAIRED,RANDOM,VIRAL RNA,Influenza A virus,ILLUMINA,2024-04-20T00:00:00Z,2024-04-20T18:12:00Z,1,24-010354-001-original,H5N1,SRP503016
SRR28752622,WGS,282,34404541,PRJNA1102327,SAMN41019389,Viral,11402282,USDA-NVSL,2024,public,"fastq,run.zq,sra","gs,ncbi,s3","gs.us-east1,ncbi.public,s3.us-east-1",SRX24318022,USA,North America,USA,Cattle,Illumina iSeq 100,24-010331-001-original,24-010331-001-original,PAIRED,RANDOM,VIRAL RNA,Influenza A virus,ILLUMINA,2024-04-20T00:00:00Z,2024-04-20T18:13:00Z,1,24-010331-001-original,H5N1,SRP503016
SRR28752623,WGS,290,669075486,PRJNA1102327,SAMN41019388,Viral,226121365,USDA-NVSL,2024,public,"fastq,run.zq,sra","gs,ncbi,s3","gs.us-east1,ncbi.public,s3.us-east-1",SRX24318021,USA,North America,USA,Cattle,Illumina iSeq 100,24-010330-013-original-300,24-010330-013-original-300,PAIRED,RANDOM,VIRAL RNA,Influenza A virus,ILLUMINA,2024-04-20T00:00:00Z,2024-04-20T18:13:00Z,1,24-010330-013-original-300,H5N1,SRP503016
SRR28752624,WGS,293,101787454,PRJNA1102327,SAMN41019199,Viral,32868513,USDA-NVSL,2024,public,"fastq,run.zq,sra","gs,ncbi,s3","gs.us-east1,ncbi.public,s3.us-east-1",SRX24318020,USA,North America,USA,Cattle,Illumina iSeq 100,24-008749-004-original,24-008749-004-original,PAIRED,RANDOM,VIRAL RNA,Influenza A virus,ILLUMINA,2024-04-20T00:00:00Z,2024-04-20T18:13:00Z,1,24-008749-004-original,H5N1,SRP503016
SRR28752625,WGS,294,473396036,PRJNA1102327,SAMN41019387,Viral,160131541,USDA-NVSL,2024,public,"fastq,run.zq,sra","gs,ncbi,s3","gs.us-east1,ncbi.public,s3.us-east-1",SRX24318019,USA,North America,USA,Cattle,Illumina iSeq 100,24-010330-012-original-300,24-010330-012-original-300,PAIRED,RANDOM,VIRAL RNA,Influenza A virus,ILLUMINA,2024-04-20T00:00:00Z,2024-04-20T18:13:00Z,1,24-010330-012-original-300,H5N1,SRP503016
SRR28752626,WGS,293,693572575,PRJNA1102327,SAMN41019386,Viral,231992775,USDA-NVSL,2024,public,"fastq,run.zq,sra","gs,ncbi,s3","gs.us-east1,ncbi.public,s3.us-east-1",SRX24318018,USA,North America,USA,Cattle,Illumina iSeq 100,24-010330-011-original-300,24-010330-011-original-300,PAIRED,RANDOM,VIRAL RNA,Influenza A virus,ILLUMINA,2024-04-20T00:00:00Z,2024-04-20T18:13:00Z,1,24-010330-011-original-300,H5N1,SRP503016
SRR28752627,WGS,293,371660918,PRJNA1102327,SAMN41019385,Viral,125889218,USDA-NVSL,2024,public,"fastq,run.zq,sra","gs,ncbi,s3","gs.us-east1,ncbi.public,s3.us-east-1",SRX24318017,USA,North America,USA,Cattle,Illumina iSeq 100,24-010330-009-original-300,24-010330-009-original-300,PAIRED,RANDOM,VIRAL RNA,Influenza A virus,ILLUMINA,2024-04-20T00:00:00Z,2024-04-20T18:13:00Z,1,24-010330-009-original-300,H5N1,SRP503016
SRR28752628,WGS,293,69374764,PRJNA1102327,SAMN41019384,Viral,23196410,USDA-NVSL,2024,public,"fastq,run.zq,sra","gs,ncbi,s3","gs.us-east1,ncbi.public,s3.us-east-1",SRX24318016,USA,North America,USA,Cattle,Illumina iSeq 100,24-010330-008-original,24-010330-008-original,PAIRED,RANDOM,VIRAL RNA,Influenza A virus,ILLUMINA,2024-04-20T00:00:00Z,2024-04-20T18:13:00Z,1,24-010330-008-original,H5N1,SRP503016
SRR28752629,WGS,293,51170751,PRJNA1102327,SAMN41019383,Viral,17190843,USDA-NVSL,2024,public,"fastq,run.zq,sra","gs,ncbi,s3","gs.us-east1,ncbi.public,s3.us-east-1",SRX24318015,USA,North America,USA,Cattle,Illumina iSeq 100,24-010330-007-original,24-010330-007-original,PAIRED,RANDOM,VIRAL RNA,Influenza A virus,ILLUMINA,2024-04-20T00:00:00Z,2024-04-20T18:13:00Z,1,24-010330-007-original,H5N1,SRP503016
SRR28752631,WGS,289,48421671,PRJNA1102327,SAMN41019381,Viral,16174923,USDA-NVSL,2024,public,"fastq,run.zq,sra","gs,ncbi,s3","gs.us-east1,ncbi.public,s3.us-east-1",SRX24318013,USA,North America,USA,Cattle,Illumina iSeq 100,24-010330-005-original,24-010330-005-original,PAIRED,RANDOM,VIRAL RNA,Influenza A virus,ILLUMINA,2024-04-20T00:00:00Z,2024-04-20T18:13:00Z,1,24-010330-005-original,H5N1,SRP503016
SRR28752633,WGS,293,70229403,PRJNA1102327,SAMN41019379,Viral,23364669,USDA-NVSL,2024,public,"fastq,run.zq,sra","gs,ncbi,s3","gs.us-east1,ncbi.public,s3.us-east-1",SRX24318011,USA,North America,USA,Cattle,Illumina iSeq 100,24-010330-003-original,24-010330-003-original,PAIRED,RANDOM,VIRAL RNA,Influenza A virus,ILLUMINA,2024-04-20T00:00:00Z,2024-04-20T18:13:00Z,1,24-010330-003-original,H5N1,SRP503016
SRR28752634,WGS,293,830929499,PRJNA1102327,SAMN41019378,Viral,278206122,USDA-NVSL,2024,public,"fastq,run.zq,sra","gs,ncbi,s3","gs.us-east1,ncbi.public,s3.us-east-1",SRX24318010,USA,North America,USA,Cattle,Illumina iSeq 100,24-010330-002-original-300,24-010330-002-original-300,PAIRED,RANDOM,VIRAL RNA,Influenza A virus,ILLUMINA,2024-04-20T00:00:00Z,2024-04-20T18:14:00Z,1,24-010330-002-original-300,H5N1,SRP503016
SRR28752635,WGS,293,103593431,PRJNA1102327,SAMN41019198,Viral,33159035,USDA-NVSL,2024,public,"fastq,run.zq,sra","gs,ncbi,s3","gs.us-east1,ncbi.public,s3.us-east-1",SRX24318009,USA,North America,USA,Cattle,Illumina iSeq 100,24-008749-003-original,24-008749-003-original,PAIRED,RANDOM,VIRAL RNA,Influenza A virus,ILLUMINA,2024-04-20T00:00:00Z,2024-04-20T18:13:00Z,1,24-008749-003-original,H5N1,SRP503016
SRR28752636,WGS,450,43620398,PRJNA1102327,SAMN41019180,Viral,23675756,USDA-NVSL,2024,public,"fastq,run.zq,sra","gs,ncbi,s3","gs.us-east1,ncbi.public,s3.us-east-1",SRX24318008,USA,North America,USA,PEFA,Illumina MiSeq,24-005915-001-original,24-005915-001-original,PAIRED,RANDOM,VIRAL RNA,Influenza A virus,ILLUMINA,2024-04-20T00:00:00Z,2024-04-20T18:13:00Z,1,24-005915-001-original,H5N1,SRP503016
SRR28752637,WGS,292,31320272,PRJNA1102327,SAMN41019377,Viral,10763000,USDA-NVSL,2024,public,"fastq,run.zq,sra","gs,ncbi,s3","gs.us-east1,ncbi.public,s3.us-east-1",SRX24318007,USA,North America,USA,Cattle,Illumina iSeq 100,24-010327-003-original,24-010327-003-original,PAIRED,RANDOM,VIRAL RNA,Influenza A virus,ILLUMINA,2024-04-20T00:00:00Z,2024-04-20T18:12:00Z,1,24-010327-003-original,H5N1,SRP503016
SRR28752638,WGS,292,49614425,PRJNA1102327,SAMN41019376,Viral,16687509,USDA-NVSL,2024,public,"fastq,run.zq,sra","gs,ncbi,s3","gs.us-east1,ncbi.public,s3.us-east-1",SRX24318006,USA,North America,USA,Chicken,Illumina iSeq 100,24-010308-012-original,24-010308-012-original,PAIRED,RANDOM,VIRAL RNA,Influenza A virus,ILLUMINA,2024-04-20T00:00:00Z,2024-04-20T18:13:00Z,1,24-010308-012-original,H5N1,SRP503016
SRR28752639,WGS,287,35683167,PRJNA1102327,SAMN41019375,Viral,11996293,USDA-NVSL,2024,public,"fastq,run.zq,sra","gs,ncbi,s3","gs.us-east1,ncbi.public,s3.us-east-1",SRX24318005,USA,North America,USA,Chicken,Illumina iSeq 100,24-010308-007-original,24-010308-007-original,PAIRED,RANDOM,VIRAL RNA,Influenza A virus,ILLUMINA,2024-04-20T00:00:00Z,2024-04-20T18:13:00Z,1,24-010308-007-original,H5N1,SRP503016
SRR28752640,WGS,293,582224793,PRJNA1102327,SAMN41019374,Viral,195250560,USDA-NVSL,2024,public,"fastq,run.zq,sra","gs,ncbi,s3","gs.us-east1,ncbi.public,s3.us-east-1",SRX24318004,USA,North America,USA,Chicken,Illumina iSeq 100,24-010308-006-original-300,24-010308-006-original-300,PAIRED,RANDOM,VIRAL RNA,Influenza A virus,ILLUMINA,2024-04-20T00:00:00Z,2024-04-20T18:13:00Z,1,24-010308-006-original-300,H5N1,SRP503016
SRR28752641,WGS,294,635324468,PRJNA1102327,SAMN41019373,Viral,217822585,USDA-NVSL,2024,public,"fastq,run.zq,sra","gs,ncbi,s3","gs.us-east1,ncbi.public,s3.us-east-1",SRX24318003,USA,North America,USA,Chicken,Illumina iSeq 100,24-010308-001-original-300,24-010308-001-original-300,PAIRED,RANDOM,VIRAL RNA,Influenza A virus,ILLUMINA,2024-04-20T00:00:00Z,2024-04-20T18:14:00Z,1,24-010308-001-original-300,H5N1,SRP503016
SRR28752642,WGS,287,12213474,PRJNA1102327,SAMN41019372,Viral,4297989,USDA-NVSL,2024,public,"fastq,run.zq,sra","gs,ncbi,s3","gs.us-east1,ncbi.public,s3.us-east-1",SRX24318002,USA,North America,USA,Cattle,Illumina iSeq 100,24-010303-002-original,24-010303-002-original,PAIRED,RANDOM,VIRAL RNA,Influenza A virus,ILLUMINA,2024-04-20T00:00:00Z,2024-04-20T18:13:00Z,1,24-010303-002-original,H5N1,SRP503016
SRR28752643,WGS,293,670446950,PRJNA1102327,SAMN41019371,Viral,226899056,USDA-NVSL,2024,public,"fastq,run.zq,sra","gs,ncbi,s3","gs.us-east1,ncbi.public,s3.us-east-1",SRX24318001,USA,North America,USA,Cattle,Illumina iSeq 100,24-010303-001-original-300,24-010303-001-original-300,PAIRED,RANDOM,VIRAL RNA,Influenza A virus,ILLUMINA,2024-04-20T00:00:00Z,2024-04-20T18:14:00Z,1,24-010303-001-original-300,H5N1,SRP503016
SRR28752644,WGS,290,48847227,PRJNA1102327,SAMN41019370,Viral,15643960,USDA-NVSL,2024,public,"fastq,run.zq,sra","gs,ncbi,s3","gs.us-east1,ncbi.public,s3.us-east-1",SRX24318000,USA,North America,USA,Cattle,Illumina iSeq 100,24-010195-001-original,24-010195-001-original,PAIRED,RANDOM,VIRAL RNA,Influenza A virus,ILLUMINA,2024-04-20T00:00:00Z,2024-04-20T18:13:00Z,1,24-010195-001-original,H5N1,SRP503016
SRR28752645,WGS,289,58286814,PRJNA1102327,SAMN41019369,Viral,18646902,USDA-NVSL,2024,public,"fastq,run.zq,sra","gs,ncbi,s3","gs.us-east1,ncbi.public,s3.us-east-1",SRX24317999,USA,North America,USA,Cattle,Illumina iSeq 100,24-010194-001-original,24-010194-001-original,PAIRED,RANDOM,VIRAL RNA,Influenza A virus,ILLUMINA,2024-04-20T00:00:00Z,2024-04-20T18:13:00Z,1,24-010194-001-original,H5N1,SRP503016
SRR28752646,WGS,292,75549702,PRJNA1102327,SAMN41019368,Viral,24187444,USDA-NVSL,2024,public,"fastq,run.zq,sra","gs,ncbi,s3","gs.us-east1,ncbi.public,s3.us-east-1",SRX24317998,USA,North America,USA,Cattle,Illumina iSeq 100,24-010193-007-original,24-010193-007-original,PAIRED,RANDOM,VIRAL RNA,Influenza A virus,ILLUMINA,2024-04-20T00:00:00Z,2024-04-20T18:13:00Z,1,24-010193-007-original,H5N1,SRP503016
SRR28752647,WGS,294,53203774,PRJNA1102327,SAMN41019197,Viral,16587157,USDA-NVSL,2024,public,"fastq,run.zq,sra","gs,ncbi,s3","gs.us-east1,ncbi.public,s3.us-east-1",SRX24317997,USA,North America,USA,Cattle,Illumina iSeq 100,24-008749-002-v,24-008749-002-v,PAIRED,RANDOM,VIRAL RNA,Influenza A virus,ILLUMINA,2024-04-20T00:00:00Z,2024-04-20T18:13:00Z,1,24-008749-002-v,H5N1,SRP503016
SRR28752648,WGS,291,63707302,PRJNA1102327,SAMN41019367,Viral,20224670,USDA-NVSL,2024,public,"fastq,run.zq,sra","gs,ncbi,s3","gs.us-east1,ncbi.public,s3.us-east-1",SRX24317996,USA,North America,USA,Cattle,Illumina iSeq 100,24-010193-006-original,24-010193-006-original,PAIRED,RANDOM,VIRAL RNA,Influenza A virus,ILLUMINA,2024-04-20T00:00:00Z,2024-04-20T18:13:00Z,1,24-010193-006-original,H5N1,SRP503016
SRR28752649,WGS,288,106968808,PRJNA1102327,SAMN41019191,Viral,34359844,USDA-NVSL,2024,public,"fastq,run.zq,sra","gs,ncbi,s3","gs.us-east1,ncbi.public,s3.us-east-1",SRX24317995,USA,North America,USA,Grackle,Illumina iSeq 100,24-008356-001-original,24-008356-001-original,PAIRED,RANDOM,VIRAL RNA,Influenza A virus,ILLUMINA,2024-04-20T00:00:00Z,2024-04-20T18:13:00Z,1,24-008356-001-original,H5N1,SRP503016
SRR28752650,WGS,449,70776004,PRJNA1102327,SAMN41019307,Viral,23358205,USDA-NVSL,2024,public,"fastq,run.zq,sra","gs,ncbi,s3","gs.us-east1,ncbi.public,s3.us-east-1",SRX24317994,USA,North America,USA,Cattle,Illumina MiSeq,24-009367-018-original,24-009367-018-original,PAIRED,RANDOM,VIRAL RNA,Influenza A virus,ILLUMINA,2024-04-20T00:00:00Z,2024-04-20T18:13:00Z,1,24-009367-018-original,H5N1,SRP503016
SRR28752651,WGS,502,74313174,PRJNA1102327,SAMN41019306,Viral,24400511,USDA-NVSL,2024,public,"fastq,run.zq,sra","gs,ncbi,s3","gs.us-east1,ncbi.public,s3.us-east-1",SRX24317993,USA,North America,USA,Cattle,Illumina MiSeq,24-009367-016-original,24-009367-016-original,PAIRED,RANDOM,VIRAL RNA,Influenza A virus,ILLUMINA,2024-04-20T00:00:00Z,2024-04-20T18:13:00Z,1,24-009367-016-original,H5N1,SRP503016
SRR28752652,WGS,502,70735727,PRJNA1102327,SAMN41019305,Viral,23264956,USDA-NVSL,2024,public,"fastq,run.zq,sra","gs,ncbi,s3","gs.us-east1,ncbi.public,s3.us-east-1",SRX24317992,USA,North America,USA,Cattle,Illumina MiSeq,24-009367-014-original,24-009367-014-original,PAIRED,RANDOM,VIRAL RNA,Influenza A virus,ILLUMINA,2024-04-20T00:00:00Z,2024-04-20T18:13:00Z,1,24-009367-014-original,H5N1,SRP503016
SRR28752653,WGS,446,37972175,PRJNA1102327,SAMN41019304,Viral,18388813,USDA-NVSL,2024,public,"fastq,run.zq,sra","gs,ncbi,s3","gs.us-east1,ncbi.public,s3.us-east-1",SRX24317991,USA,North America,USA,Cattle,Illumina MiSeq,24-009367-013-original,24-009367-013-original,PAIRED,RANDOM,VIRAL RNA,Influenza A virus,ILLUMINA,2024-04-20T00:00:00Z,2024-04-20T18:13:00Z,1,24-009367-013-original,H5N1,SRP503016
SRR28752654,WGS,485,68396731,PRJNA1102327,SAMN41019303,Viral,22361134,USDA-NVSL,2024,public,"fastq,run.zq,sra","gs,ncbi,s3","gs.us-east1,ncbi.public,s3.us-east-1",SRX24317990,USA,North America,USA,Cattle,Illumina MiSeq,24-009367-012-original,24-009367-012-original,PAIRED,RANDOM,VIRAL RNA,Influenza A virus,ILLUMINA,2024-04-20T00:00:00Z,2024-04-20T18:13:00Z,1,24-009367-012-original,H5N1,SRP503016
SRR28752655,WGS,480,98814167,PRJNA1102327,SAMN41019302,Viral,32334824,USDA-NVSL,2024,public,"fastq,run.zq,sra","gs,ncbi,s3","gs.us-east1,ncbi.public,s3.us-east-1",SRX24317989,USA,North America,USA,Cattle,Illumina MiSeq,24-009367-011-original,24-009367-011-original,PAIRED,RANDOM,VIRAL RNA,Influenza A virus,ILLUMINA,2024-04-20T00:00:00Z,2024-04-20T18:13:00Z,1,24-009367-011-original,H5N1,SRP503016
SRR28752656,WGS,477,66426643,PRJNA1102327,SAMN41019301,Viral,22075351,USDA-NVSL,2024,public,"fastq,run.zq,sra","gs,ncbi,s3","gs.us-east1,ncbi.public,s3.us-east-1",SRX24317988,USA,North America,USA,Cattle,Illumina MiSeq,24-009367-010-original,24-009367-010-original,PAIRED,RANDOM,VIRAL RNA,Influenza A virus,ILLUMINA,2024-04-20T00:00:00Z,2024-04-20T18:13:00Z,1,24-009367-010-original,H5N1,SRP503016
SRR28752657,WGS,496,60914996,PRJNA1102327,SAMN41019300,Viral,19956233,USDA-NVSL,2024,public,"fastq,run.zq,sra","gs,ncbi,s3","gs.us-east1,ncbi.public,s3.us-east-1",SRX24317987,USA,North America,USA,Cattle,Illumina MiSeq,24-009367-009-original,24-009367-009-original,PAIRED,RANDOM,VIRAL RNA,Influenza A virus,ILLUMINA,2024-04-20T00:00:00Z,2024-04-20T18:13:00Z,1,24-009367-009-original,H5N1,SRP503016
SRR28752658,WGS,465,82726147,PRJNA1102327,SAMN41019299,Viral,27179427,USDA-NVSL,2024,public,"fastq,run.zq,sra","gs,ncbi,s3","gs.us-east1,ncbi.public,s3.us-east-1",SRX24317986,USA,North America,USA,Cattle,Illumina MiSeq,24-009367-007-original,24-009367-007-original,PAIRED,RANDOM,VIRAL RNA,Influenza A virus,ILLUMINA,2024-04-20T00:00:00Z,2024-04-20T18:13:00Z,1,24-009367-007-original,H5N1,SRP503016
SRR28752659,WGS,487,84662509,PRJNA1102327,SAMN41019298,Viral,27596032,USDA-NVSL,2024,public,"fastq,run.zq,sra","gs,ncbi,s3","gs.us-east1,ncbi.public,s3.us-east-1",SRX24317985,USA,North America,USA,Cattle,Illumina MiSeq,24-009367-005-original,24-009367-005-original,PAIRED,RANDOM,VIRAL RNA,Influenza A virus,ILLUMINA,2024-04-20T00:00:00Z,2024-04-20T18:13:00Z,1,24-009367-005-original,H5N1,SRP503016
SRR28752661,WGS,483,91025666,PRJNA1102327,SAMN41019297,Viral,29887584,USDA-NVSL,2024,public,"fastq,run.zq,sra","gs,ncbi,s3","gs.us-east1,ncbi.public,s3.us-east-1",SRX24317983,USA,North America,USA,Cattle,Illumina MiSeq,24-009367-004-original,24-009367-004-original,PAIRED,RANDOM,VIRAL RNA,Influenza A virus,ILLUMINA,2024-04-20T00:00:00Z,2024-04-20T18:13:00Z,1,24-009367-004-original,H5N1,SRP503016
SRR28752662,WGS,491,105142603,PRJNA1102327,SAMN41019296,Viral,34473496,USDA-NVSL,2024,public,"fastq,run.zq,sra","gs,ncbi,s3","gs.us-east1,ncbi.public,s3.us-east-1",SRX24317982,USA,North America,USA,Cattle,Illumina MiSeq,24-009367-003-original,24-009367-003-original,PAIRED,RANDOM,VIRAL RNA,Influenza A virus,ILLUMINA,2024-04-20T00:00:00Z,2024-04-20T18:13:00Z,1,24-009367-003-original,H5N1,SRP503016
SRR28752663,WGS,291,44211706,PRJNA1102327,SAMN41019295,Viral,16101146,USDA-NVSL,2024,public,"fastq,run.zq,sra","gs,ncbi,s3","gs.us-east1,ncbi.public,s3.us-east-1",SRX24317981,USA,North America,USA,Cattle,Illumina iSeq 100,24-009367-002-original,24-009367-002-original,PAIRED,RANDOM,VIRAL RNA,Influenza A virus,ILLUMINA,2024-04-20T00:00:00Z,2024-04-20T18:13:00Z,1,24-009367-002-original,H5N1,SRP503016
SRR28752664,WGS,291,47677849,PRJNA1102327,SAMN41019294,Viral,17226762,USDA-NVSL,2024,public,"fastq,run.zq,sra","gs,ncbi,s3","gs.us-east1,ncbi.public,s3.us-east-1",SRX24317980,USA,North America,USA,Cattle,Illumina iSeq 100,24-009367-001-original,24-009367-001-original,PAIRED,RANDOM,VIRAL RNA,Influenza A virus,ILLUMINA,2024-04-20T00:00:00Z,2024-04-20T18:13:00Z,1,24-009367-001-original,H5N1,SRP503016
SRR28752665,WGS,483,89995140,PRJNA1102327,SAMN41019293,Viral,29310976,USDA-NVSL,2024,public,"fastq,run.zq,sra","gs,ncbi,s3","gs.us-east1,ncbi.public,s3.us-east-1",SRX24317979,USA,North America,USA,Cat,Illumina MiSeq,24-009311-006-original,24-009311-006-original,PAIRED,RANDOM,VIRAL RNA,Influenza A virus,ILLUMINA,2024-04-20T00:00:00Z,2024-04-20T18:13:00Z,1,24-009311-006-original,H5N1,SRP503016
SRR28752666,WGS,473,110671475,PRJNA1102327,SAMN41019292,Viral,35866812,USDA-NVSL,2024,public,"fastq,run.zq,sra","gs,ncbi,s3","gs.us-east1,ncbi.public,s3.us-east-1",SRX24317978,USA,North America,USA,Cat,Illumina MiSeq,24-009311-004-original,24-009311-004-original,PAIRED,RANDOM,VIRAL RNA,Influenza A virus,ILLUMINA,2024-04-20T00:00:00Z,2024-04-20T18:13:00Z,1,24-009311-004-original,H5N1,SRP503016
SRR28752668,WGS,504,107939313,PRJNA1102327,SAMN41019290,Viral,35413331,USDA-NVSL,2024,public,"fastq,run.zq,sra","gs,ncbi,s3","gs.us-east1,ncbi.public,s3.us-east-1",SRX24317976,USA,North America,USA,Cattle,Illumina MiSeq,24-009310-007-original-repeat,24-009310-007-original-repeat,PAIRED,RANDOM,VIRAL RNA,Influenza A virus,ILLUMINA,2024-04-20T00:00:00Z,2024-04-20T18:13:00Z,1,24-009310-007-original-repeat,H5N1,SRP503016
SRR28752669,WGS,294,52703705,PRJNA1102327,SAMN41019289,Viral,17727886,USDA-NVSL,2024,public,"fastq,run.zq,sra","gs,ncbi,s3","gs.us-east1,ncbi.public,s3.us-east-1",SRX24317975,USA,North America,USA,Cattle,Illumina iSeq 100,24-009310-006-original,24-009310-006-original,PAIRED,RANDOM,VIRAL RNA,Influenza A virus,ILLUMINA,2024-04-20T00:00:00Z,2024-04-20T18:13:00Z,1,24-009310-006-original,H5N1,SRP503016
SRR28752670,WGS,293,37455215,PRJNA1102327,SAMN41019288,Viral,12596931,USDA-NVSL,2024,public,"fastq,run.zq,sra","gs,ncbi,s3","gs.us-east1,ncbi.public,s3.us-east-1",SRX24317974,USA,North America,USA,Cattle,Illumina iSeq 100,24-009310-005-original,24-009310-005-original,PAIRED,RANDOM,VIRAL RNA,Influenza A virus,ILLUMINA,2024-04-20T00:00:00Z,2024-04-20T18:13:00Z,1,24-009310-005-original,H5N1,SRP503016
SRR28752671,WGS,387,47238385,PRJNA1102327,SAMN41019189,Viral,32177477,USDA-NVSL,2024,public,"fastq,run.zq,sra","gs,ncbi,s3","gs.us-east1,ncbi.public,s3.us-east-1",SRX24317973,USA,North America,USA,Chicken,Illumina MiSeq,24-008355-005-original,24-008355-005-original,PAIRED,RANDOM,VIRAL RNA,Influenza A virus,ILLUMINA,2024-04-20T00:00:00Z,2024-04-20T18:13:00Z,1,24-008355-005-original,H5N1,SRP503016
SRR28752672,WGS,480,69272112,PRJNA1102327,SAMN41019287,Viral,22608084,USDA-NVSL,2024,public,"fastq,run.zq,sra","gs,ncbi,s3","gs.us-east1,ncbi.public,s3.us-east-1",SRX24317972,USA,North America,USA,Cattle,Illumina MiSeq,24-009309-004-original,24-009309-004-original,PAIRED,RANDOM,VIRAL RNA,Influenza A virus,ILLUMINA,2024-04-20T00:00:00Z,2024-04-20T18:13:00Z,1,24-009309-004-original,H5N1,SRP503016
SRR28752673,WGS,294,51320511,PRJNA1102327,SAMN41019286,Viral,17037490,USDA-NVSL,2024,public,"fastq,run.zq,sra","gs,ncbi,s3","gs.us-east1,ncbi.public,s3.us-east-1",SRX24317971,USA,North America,USA,Cattle,Illumina iSeq 100,24-009309-002-original,24-009309-002-original,PAIRED,RANDOM,VIRAL RNA,Influenza A virus,ILLUMINA,2024-04-20T00:00:00Z,2024-04-20T18:13:00Z,1,24-009309-002-original,H5N1,SRP503016
SRR28752674,WGS,294,45926877,PRJNA1102327,SAMN41019285,Viral,15233574,USDA-NVSL,2024,public,"fastq,run.zq,sra","gs,ncbi,s3","gs.us-east1,ncbi.public,s3.us-east-1",SRX24317970,USA,North America,USA,Cattle,Illumina iSeq 100,24-009309-001-original,24-009309-001-original,PAIRED,RANDOM,VIRAL RNA,Influenza A virus,ILLUMINA,2024-04-20T00:00:00Z,2024-04-20T18:13:00Z,1,24-009309-001-original,H5N1,SRP503016
SRR28752676,WGS,463,106267438,PRJNA1102327,SAMN41019283,Viral,34547087,USDA-NVSL,2024,public,"fastq,run.zq,sra","gs,ncbi,s3","gs.us-east1,ncbi.public,s3.us-east-1",SRX24317968,USA,North America,USA,Cattle,Illumina MiSeq,24-009308-006-original,24-009308-006-original,PAIRED,RANDOM,VIRAL RNA,Influenza A virus,ILLUMINA,2024-04-20T00:00:00Z,2024-04-20T18:13:00Z,1,24-009308-006-original,H5N1,SRP503016
SRR28752677,WGS,450,82328464,PRJNA1102327,SAMN41019282,Viral,26788428,USDA-NVSL,2024,public,"fastq,run.zq,sra","gs,ncbi,s3","gs.us-east1,ncbi.public,s3.us-east-1",SRX24317967,USA,North America,USA,Cattle,Illumina MiSeq,24-009308-004-original,24-009308-004-original,PAIRED,RANDOM,VIRAL RNA,Influenza A virus,ILLUMINA,2024-04-20T00:00:00Z,2024-04-20T18:13:00Z,1,24-009308-004-original,H5N1,SRP503016
SRR28752678,WGS,294,62753329,PRJNA1102327,SAMN41019281,Viral,20760188,USDA-NVSL,2024,public,"fastq,run.zq,sra","gs,ncbi,s3","gs.us-east1,ncbi.public,s3.us-east-1",SRX24317966,USA,North America,USA,Cattle,Illumina iSeq 100,24-009306-004-original,24-009306-004-original,PAIRED,RANDOM,VIRAL RNA,Influenza A virus,ILLUMINA,2024-04-20T00:00:00Z,2024-04-20T18:13:00Z,1,24-009306-004-original,H5N1,SRP503016
SRR28752680,WGS,491,90590755,PRJNA1102327,SAMN41019279,Viral,29691846,USDA-NVSL,2024,public,"fastq,run.zq,sra","gs,ncbi,s3","gs.us-east1,ncbi.public,s3.us-east-1",SRX24317964,USA,North America,USA,Cattle,Illumina MiSeq,24-009290-006-original,24-009290-006-original,PAIRED,RANDOM,VIRAL RNA,Influenza A virus,ILLUMINA,2024-04-20T00:00:00Z,2024-04-20T18:13:00Z,1,24-009290-006-original,H5N1,SRP503016
SRR28752682,WGS,292,80976569,PRJNA1102327,SAMN41019188,Viral,25304787,USDA-NVSL,2024,public,"fastq,run.zq,sra","gs,ncbi,s3","gs.us-east1,ncbi.public,s3.us-east-1",SRX24317962,USA,North America,USA,Chicken,Illumina iSeq 100,24-008355-004-original,24-008355-004-original,PAIRED,RANDOM,VIRAL RNA,Influenza A virus,ILLUMINA,2024-04-20T00:00:00Z,2024-04-20T18:13:00Z,1,24-008355-004-original,H5N1,SRP503016
SRR28752683,WGS,452,123766147,PRJNA1102327,SAMN41019179,Viral,72159216,USDA-NVSL,2024,public,"fastq,run.zq,sra","gs,ncbi,s3","gs.us-east1,ncbi.public,s3.us-east-1",SRX24317961,USA,North America,USA,CAGO,Illumina MiSeq,24-003692-001-original,24-003692-001-original,PAIRED,RANDOM,VIRAL RNA,Influenza A virus,ILLUMINA,2024-04-20T00:00:00Z,2024-04-20T18:13:00Z,1,24-003692-001-original,H5N1,SRP503016
SRR28752448,WGS,500,75035343,PRJNA1102327,SAMN41019236,Viral,24547283,USDA-NVSL,2024,public,"fastq,run.zq,sra","gs,ncbi,s3","gs.us-east1,ncbi.public,s3.us-east-1",SRX24318196,USA,North America,USA,Cattle,Illumina MiSeq,24-009108-004-original,24-009108-004-original,PAIRED,RANDOM,VIRAL RNA,Influenza A virus,ILLUMINA,2024-04-20T00:00:00Z,2024-04-20T18:13:00Z,1,24-009108-004-original,H5N1,SRP503016
SRR28752468,WGS,438,64558181,PRJNA1102327,SAMN41019182,Viral,39304719,USDA-NVSL,2024,public,"fastq,run.zq,sra","gs,ncbi,s3","gs.us-east1,ncbi.public,s3.us-east-1",SRX24318176,USA,North America,USA,Chicken,Illumina MiSeq,24-007264-001-original,24-007264-001-original,PAIRED,RANDOM,VIRAL RNA,Influenza A virus,ILLUMINA,2024-04-20T00:00:00Z,2024-04-20T18:13:00Z,1,24-007264-001-original,H5N1,SRP503016
SRR28752469,WGS,501,66029182,PRJNA1102327,SAMN41019217,Viral,21752730,USDA-NVSL,2024,public,"fastq,run.zq,sra","gs,ncbi,s3","gs.us-east1,ncbi.public,s3.us-east-1",SRX24318175,USA,North America,USA,Cattle,Illumina MiSeq,24-009027-003-original-repeat,24-009027-003-original-repeat,PAIRED,RANDOM,VIRAL RNA,Influenza A virus,ILLUMINA,2024-04-20T00:00:00Z,2024-04-20T18:12:00Z,1,24-009027-003-original-repeat,H5N1,SRP503016
SRR28752477,WGS,293,193539911,PRJNA1102327,SAMN41019209,Viral,64912550,USDA-NVSL,2024,public,"fastq,run.zq,sra","gs,ncbi,s3","gs.us-east1,ncbi.public,s3.us-east-1",SRX24318167,USA,North America,USA,Cattle,Illumina iSeq 100,24-008766-001-original,24-008766-001-original,PAIRED,RANDOM,VIRAL RNA,Influenza A virus,ILLUMINA,2024-04-20T00:00:00Z,2024-04-20T18:12:00Z,1,24-008766-001-original,H5N1,SRP503016
SRR28752484,WGS,293,80661835,PRJNA1102327,SAMN41019360,Viral,25608216,USDA-NVSL,2024,public,"fastq,run.zq,sra","gs,ncbi,s3","gs.us-east1,ncbi.public,s3.us-east-1",SRX24318160,USA,North America,USA,Cattle,Illumina iSeq 100,24-010071-006-original,24-010071-006-original,PAIRED,RANDOM,VIRAL RNA,Influenza A virus,ILLUMINA,2024-04-20T00:00:00Z,2024-04-20T18:13:00Z,1,24-010071-006-original,H5N1,SRP503016
SRR28752495,WGS,290,63847826,PRJNA1102327,SAMN41019350,Viral,20870373,USDA-NVSL,2024,public,"fastq,run.zq,sra","gs,ncbi,s3","gs.us-east1,ncbi.public,s3.us-east-1",SRX24318149,USA,North America,USA,Chicken,Illumina iSeq 100,24-009654-004-original,24-009654-004-original,PAIRED,RANDOM,VIRAL RNA,Influenza A virus,ILLUMINA,2024-04-20T00:00:00Z,2024-04-20T18:12:00Z,1,24-009654-004-original,H5N1,SRP503016
SRR28752496,WGS,291,66861277,PRJNA1102327,SAMN41019349,Viral,22101805,USDA-NVSL,2024,public,"fastq,run.zq,sra","gs,ncbi,s3","gs.us-east1,ncbi.public,s3.us-east-1",SRX24318148,USA,North America,USA,Chicken,Illumina iSeq 100,24-009654-001-original,24-009654-001-original,PAIRED,RANDOM,VIRAL RNA,Influenza A virus,ILLUMINA,2024-04-20T00:00:00Z,2024-04-20T18:13:00Z,1,24-009654-001-original,H5N1,SRP503016
SRR28752501,WGS,294,17502865,PRJNA1102327,SAMN41019345,Viral,5628883,USDA-NVSL,2024,public,"fastq,run.zq,sra","gs,ncbi,s3","gs.us-east1,ncbi.public,s3.us-east-1",SRX24318143,USA,North America,USA,Cattle,Illumina iSeq 100,24-009586-007-original,24-009586-007-original,PAIRED,RANDOM,VIRAL RNA,Influenza A virus,ILLUMINA,2024-04-20T00:00:00Z,2024-04-20T18:13:00Z,1,24-009586-007-original,H5N1,SRP503016
SRR28752506,WGS,293,78692297,PRJNA1102327,SAMN41019340,Viral,25056925,USDA-NVSL,2024,public,"fastq,run.zq,sra","gs,ncbi,s3","gs.us-east1,ncbi.public,s3.us-east-1",SRX24318138,USA,North America,USA,Cattle,Illumina iSeq 100,24-009586-001-original,24-009586-001-original,PAIRED,RANDOM,VIRAL RNA,Influenza A virus,ILLUMINA,2024-04-20T00:00:00Z,2024-04-20T18:13:00Z,1,24-009586-001-original,H5N1,SRP503016
SRR28752512,WGS,290,55193173,PRJNA1102327,SAMN41019275,Viral,20169672,USDA-NVSL,2024,public,"fastq,run.zq,sra","gs,ncbi,s3","gs.us-east1,ncbi.public,s3.us-east-1",SRX24318132,USA,North America,USA,Cat,Illumina iSeq 100,24-009116-004-original,24-009116-004-original,PAIRED,RANDOM,VIRAL RNA,Influenza A virus,ILLUMINA,2024-04-20T00:00:00Z,2024-04-20T18:13:00Z,1,24-009116-004-original,H5N1,SRP503016
SRR28752515,WGS,480,95959578,PRJNA1102327,SAMN41019272,Viral,31333893,USDA-NVSL,2024,public,"fastq,run.zq,sra","gs,ncbi,s3","gs.us-east1,ncbi.public,s3.us-east-1",SRX24318129,USA,North America,USA,Cattle,Illumina MiSeq,24-009110-026-original,24-009110-026-original,PAIRED,RANDOM,VIRAL RNA,Influenza A virus,ILLUMINA,2024-04-20T00:00:00Z,2024-04-20T18:13:00Z,1,24-009110-026-original,H5N1,SRP503016
SRR28752524,WGS,295,278008019,PRJNA1102327,SAMN41019206,Viral,91998594,USDA-NVSL,2024,public,"fastq,run.zq,sra","gs,ncbi,s3","gs.us-east1,ncbi.public,s3.us-east-1",SRX24318120,USA,North America,USA,Cat,Illumina iSeq 100,24-008764-001-original,24-008764-001-original,PAIRED,RANDOM,VIRAL RNA,Influenza A virus,ILLUMINA,2024-04-20T00:00:00Z,2024-04-20T18:13:00Z,1,24-008764-001-original,H5N1,SRP503016
SRR28752528,WGS,293,94050420,PRJNA1102327,SAMN41019202,Viral,30230397,USDA-NVSL,2024,public,"fastq,run.zq,sra","gs,ncbi,s3","gs.us-east1,ncbi.public,s3.us-east-1",SRX24318116,USA,North America,USA,Cattle,Illumina iSeq 100,24-008749-006-original,24-008749-006-original,PAIRED,RANDOM,VIRAL RNA,Influenza A virus,ILLUMINA,2024-04-20T00:00:00Z,2024-04-20T18:13:00Z,1,24-008749-006-original,H5N1,SRP503016
SRR28752530,WGS,292,79637911,PRJNA1102327,SAMN41019415,Viral,25627555,USDA-NVSL,2024,public,"fastq,run.zq,sra","gs,ncbi,s3","gs.us-east1,ncbi.public,s3.us-east-1",SRX24318114,USA,North America,USA,Cattle,Illumina iSeq 100,24-010513-007-original,24-010513-007-original,PAIRED,RANDOM,VIRAL RNA,Influenza A virus,ILLUMINA,2024-04-20T00:00:00Z,2024-04-20T18:13:00Z,1,24-010513-007-original,H5N1,SRP503016
SRR28752540,WGS,293,645690117,PRJNA1102327,SAMN41019406,Viral,217025262,USDA-NVSL,2024,public,"fastq,run.zq,sra","gs,ncbi,s3","gs.us-east1,ncbi.public,s3.us-east-1",SRX24318104,USA,North America,USA,Cattle,Illumina iSeq 100,24-010354-018-original-300,24-010354-018-original-300,PAIRED,RANDOM,VIRAL RNA,Influenza A virus,ILLUMINA,2024-04-20T00:00:00Z,2024-04-20T18:13:00Z,1,24-010354-018-original-300,H5N1,SRP503016
SRR28752549,WGS,294,48300420,PRJNA1102327,SAMN41019200,Viral,15133878,USDA-NVSL,2024,public,"fastq,run.zq,sra","gs,ncbi,s3","gs.us-east1,ncbi.public,s3.us-east-1",SRX24318095,USA,North America,USA,Cattle,Illumina iSeq 100,24-008749-004-v,24-008749-004-v,PAIRED,RANDOM,VIRAL RNA,Influenza A virus,ILLUMINA,2024-04-20T00:00:00Z,2024-04-20T18:13:00Z,1,24-008749-004-v,H5N1,SRP503016
SRR28752551,WGS,287,101403645,PRJNA1102327,SAMN41019396,Viral,33888394,USDA-NVSL,2024,public,"fastq,run.zq,sra","gs,ncbi,s3","gs.us-east1,ncbi.public,s3.us-east-1",SRX24318093,USA,North America,USA,Cattle,Illumina iSeq 100,24-010354-008-original,24-010354-008-original,PAIRED,RANDOM,VIRAL RNA,Influenza A virus,ILLUMINA,2024-04-20T00:00:00Z,2024-04-20T18:13:00Z,1,24-010354-008-original,H5N1,SRP503016
SRR28752555,WGS,446,72949878,PRJNA1102327,SAMN41019335,Viral,39155868,USDA-NVSL,2024,public,"fastq,run.zq,sra","gs,ncbi,s3","gs.us-east1,ncbi.public,s3.us-east-1",SRX24318089,USA,North America,USA,Cattle,Illumina MiSeq,24-009499-001-original,24-009499-001-original,PAIRED,RANDOM,VIRAL RNA,Influenza A virus,ILLUMINA,2024-04-20T00:00:00Z,2024-04-20T18:13:00Z,1,24-009499-001-original,H5N1,SRP503016
SRR28752558,WGS,293,72226831,PRJNA1102327,SAMN41019332,Viral,23213714,USDA-NVSL,2024,public,"fastq,run.zq,sra","gs,ncbi,s3","gs.us-east1,ncbi.public,s3.us-east-1",SRX24318086,USA,North America,USA,Cattle,Illumina iSeq 100,24-009497-011-original,24-009497-011-original,PAIRED,RANDOM,VIRAL RNA,Influenza A virus,ILLUMINA,2024-04-20T00:00:00Z,2024-04-20T18:13:00Z,1,24-009497-011-original,H5N1,SRP503016
SRR28752563,WGS,288,94437872,PRJNA1102327,SAMN41019193,Viral,30172356,USDA-NVSL,2024,public,"fastq,run.zq,sra","gs,ncbi,s3","gs.us-east1,ncbi.public,s3.us-east-1",SRX24318081,USA,North America,USA,Blackbird,Illumina iSeq 100,24-008357-001-original,24-008357-001-original,PAIRED,RANDOM,VIRAL RNA,Influenza A virus,ILLUMINA,2024-04-20T00:00:00Z,2024-04-20T18:13:00Z,1,24-008357-001-original,H5N1,SRP503016
SRR28752565,WGS,291,58782063,PRJNA1102327,SAMN41019326,Viral,18896186,USDA-NVSL,2024,public,"fastq,run.zq,sra","gs,ncbi,s3","gs.us-east1,ncbi.public,s3.us-east-1",SRX24318079,USA,North America,USA,Cattle,Illumina iSeq 100,24-009497-005-original,24-009497-005-original,PAIRED,RANDOM,VIRAL RNA,Influenza A virus,ILLUMINA,2024-04-20T00:00:00Z,2024-04-20T18:13:00Z,1,24-009497-005-original,H5N1,SRP503016
SRR28752566,WGS,290,84073233,PRJNA1102327,SAMN41019325,Viral,26792579,USDA-NVSL,2024,public,"fastq,run.zq,sra","gs,ncbi,s3","gs.us-east1,ncbi.public,s3.us-east-1",SRX24318078,USA,North America,USA,Cattle,Illumina iSeq 100,24-009497-004-original,24-009497-004-original,PAIRED,RANDOM,VIRAL RNA,Influenza A virus,ILLUMINA,2024-04-20T00:00:00Z,2024-04-20T18:12:00Z,1,24-009497-004-original,H5N1,SRP503016
SRR28752568,WGS,291,38457366,PRJNA1102327,SAMN41019323,Viral,12643414,USDA-NVSL,2024,public,"fastq,run.zq,sra","gs,ncbi,s3","gs.us-east1,ncbi.public,s3.us-east-1",SRX24318076,USA,North America,USA,Raccoon,Illumina iSeq 100,24-009496-002-original,24-009496-002-original,PAIRED,RANDOM,VIRAL RNA,Influenza A virus,ILLUMINA,2024-04-20T00:00:00Z,2024-04-20T18:13:00Z,1,24-009496-002-original,H5N1,SRP503016
SRR28752572,WGS,441,55646867,PRJNA1102327,SAMN41019319,Viral,30772804,USDA-NVSL,2024,public,"fastq,run.zq,sra","gs,ncbi,s3","gs.us-east1,ncbi.public,s3.us-east-1",SRX24318072,USA,North America,USA,Cattle,Illumina MiSeq,24-009495-009-original,24-009495-009-original,PAIRED,RANDOM,VIRAL RNA,Influenza A virus,ILLUMINA,2024-04-20T00:00:00Z,2024-04-20T18:13:00Z,1,24-009495-009-original,H5N1,SRP503016
SRR28752584,WGS,287,36803892,PRJNA1102327,SAMN41019308,Viral,12307730,USDA-NVSL,2024,public,"fastq,run.zq,sra","gs,ncbi,s3","gs.us-east1,ncbi.public,s3.us-east-1",SRX24318060,USA,North America,USA,Cattle,Illumina iSeq 100,24-009367-023-original,24-009367-023-original,PAIRED,RANDOM,VIRAL RNA,Influenza A virus,ILLUMINA,2024-04-20T00:00:00Z,2024-04-20T18:13:00Z,1,24-009367-023-original,H5N1,SRP503016
SRR28752585,WGS,483,91617228,PRJNA1102327,SAMN41019267,Viral,29655757,USDA-NVSL,2024,public,"fastq,run.zq,sra","gs,ncbi,s3","gs.us-east1,ncbi.public,s3.us-east-1",SRX24318059,USA,North America,USA,Cattle,Illumina MiSeq,24-009110-021-original,24-009110-021-original,PAIRED,RANDOM,VIRAL RNA,Influenza A virus,ILLUMINA,2024-04-20T00:00:00Z,2024-04-20T18:13:00Z,1,24-009110-021-original,H5N1,SRP503016
SRR28752589,WGS,472,79758250,PRJNA1102327,SAMN41019263,Viral,26157105,USDA-NVSL,2024,public,"fastq,run.zq,sra","gs,ncbi,s3","gs.us-east1,ncbi.public,s3.us-east-1",SRX24318055,USA,North America,USA,Cattle,Illumina MiSeq,24-009110-017-original,24-009110-017-original,PAIRED,RANDOM,VIRAL RNA,Influenza A virus,ILLUMINA,2024-04-20T00:00:00Z,2024-04-20T18:13:00Z,1,24-009110-017-original,H5N1,SRP503016
SRR28752591,WGS,465,73687519,PRJNA1102327,SAMN41019261,Viral,24177694,USDA-NVSL,2024,public,"fastq,run.zq,sra","gs,ncbi,s3","gs.us-east1,ncbi.public,s3.us-east-1",SRX24318053,USA,North America,USA,Cattle,Illumina MiSeq,24-009110-015-original,24-009110-015-original,PAIRED,RANDOM,VIRAL RNA,Influenza A virus,ILLUMINA,2024-04-20T00:00:00Z,2024-04-20T18:13:00Z,1,24-009110-015-original,H5N1,SRP503016
SRR28752594,WGS,293,29658255,PRJNA1102327,SAMN41019258,Viral,10472522,USDA-NVSL,2024,public,"fastq,run.zq,sra","gs,ncbi,s3","gs.us-east1,ncbi.public,s3.us-east-1",SRX24318050,USA,North America,USA,Cattle,Illumina iSeq 100,24-009110-011-original,24-009110-011-original,PAIRED,RANDOM,VIRAL RNA,Influenza A virus,ILLUMINA,2024-04-20T00:00:00Z,2024-04-20T18:13:00Z,1,24-009110-011-original,H5N1,SRP503016
SRR28752598,WGS,290,59129797,PRJNA1102327,SAMN41019255,Viral,21786688,USDA-NVSL,2024,public,"fastq,run.zq,sra","gs,ncbi,s3","gs.us-east1,ncbi.public,s3.us-east-1",SRX24318046,USA,North America,USA,Cattle,Illumina iSeq 100,24-009110-008-original-repeat,24-009110-008-original-repeat,PAIRED,RANDOM,VIRAL RNA,Influenza A virus,ILLUMINA,2024-04-20T00:00:00Z,2024-04-20T18:13:00Z,1,24-009110-008-original-repeat,H5N1,SRP503016
SRR28752600,WGS,289,61411314,PRJNA1102327,SAMN41019253,Viral,21255630,USDA-NVSL,2024,public,"fastq,run.zq,sra","gs,ncbi,s3","gs.us-east1,ncbi.public,s3.us-east-1",SRX24318044,USA,North America,USA,Cattle,Illumina iSeq 100,24-009110-006-original,24-009110-006-original,PAIRED,RANDOM,VIRAL RNA,Influenza A virus,ILLUMINA,2024-04-20T00:00:00Z,2024-04-20T18:13:00Z,1,24-009110-006-original,H5N1,SRP503016
SRR28752608,WGS,293,58605641,PRJNA1102327,SAMN41019246,Viral,19295604,USDA-NVSL,2024,public,"fastq,run.zq,sra","gs,ncbi,s3","gs.us-east1,ncbi.public,s3.us-east-1",SRX24318036,USA,North America,USA,Cattle,Illumina iSeq 100,24-009109-007-original,24-009109-007-original,PAIRED,RANDOM,VIRAL RNA,Influenza A virus,ILLUMINA,2024-04-20T00:00:00Z,2024-04-20T18:13:00Z,1,24-009109-007-original,H5N1,SRP503016
SRR28752620,WGS,291,54415975,PRJNA1102327,SAMN41019391,Viral,18573053,USDA-NVSL,2024,public,"fastq,run.zq,sra","gs,ncbi,s3","gs.us-east1,ncbi.public,s3.us-east-1",SRX24318024,USA,North America,USA,Cattle,Illumina iSeq 100,24-010354-002-original,24-010354-002-original,PAIRED,RANDOM,VIRAL RNA,Influenza A virus,ILLUMINA,2024-04-20T00:00:00Z,2024-04-20T18:13:00Z,1,24-010354-002-original,H5N1,SRP503016
SRR28752630,WGS,295,446361616,PRJNA1102327,SAMN41019382,Viral,150774928,USDA-NVSL,2024,public,"fastq,run.zq,sra","gs,ncbi,s3","gs.us-east1,ncbi.public,s3.us-east-1",SRX24318014,USA,North America,USA,Cattle,Illumina iSeq 100,24-010330-006-original-300,24-010330-006-original-300,PAIRED,RANDOM,VIRAL RNA,Influenza A virus,ILLUMINA,2024-04-20T00:00:00Z,2024-04-20T18:14:00Z,1,24-010330-006-original-300,H5N1,SRP503016
SRR28752632,WGS,293,452200013,PRJNA1102327,SAMN41019380,Viral,152924297,USDA-NVSL,2024,public,"fastq,run.zq,sra","gs,ncbi,s3","gs.us-east1,ncbi.public,s3.us-east-1",SRX24318012,USA,North America,USA,Cattle,Illumina iSeq 100,24-010330-004-original-300,24-010330-004-original-300,PAIRED,RANDOM,VIRAL RNA,Influenza A virus,ILLUMINA,2024-04-20T00:00:00Z,2024-04-20T18:13:00Z,1,24-010330-004-original-300,H5N1,SRP503016
SRR28752660,WGS,292,88023692,PRJNA1102327,SAMN41019190,Viral,27676784,USDA-NVSL,2024,public,"fastq,run.zq,sra","gs,ncbi,s3","gs.us-east1,ncbi.public,s3.us-east-1",SRX24317984,USA,North America,USA,Chicken,Illumina iSeq 100,24-008355-006-original,24-008355-006-original,PAIRED,RANDOM,VIRAL RNA,Influenza A virus,ILLUMINA,2024-04-20T00:00:00Z,2024-04-20T18:12:00Z,1,24-008355-006-original,H5N1,SRP503016
SRR28752667,WGS,448,115296099,PRJNA1102327,SAMN41019291,Viral,61855056,USDA-NVSL,2024,public,"fastq,run.zq,sra","gs,ncbi,s3","gs.us-east1,ncbi.public,s3.us-east-1",SRX24317977,USA,North America,USA,Cattle,Illumina MiSeq,24-009310-010-original,24-009310-010-original,PAIRED,RANDOM,VIRAL RNA,Influenza A virus,ILLUMINA,2024-04-20T00:00:00Z,2024-04-20T18:13:00Z,1,24-009310-010-original,H5N1,SRP503016
SRR28752675,WGS,496,94008853,PRJNA1102327,SAMN41019284,Viral,30872027,USDA-NVSL,2024,public,"fastq,run.zq,sra","gs,ncbi,s3","gs.us-east1,ncbi.public,s3.us-east-1",SRX24317969,USA,North America,USA,Cattle,Illumina MiSeq,24-009308-008-original,24-009308-008-original,PAIRED,RANDOM,VIRAL RNA,Influenza A virus,ILLUMINA,2024-04-20T00:00:00Z,2024-04-20T18:13:00Z,1,24-009308-008-original,H5N1,SRP503016
SRR28752679,WGS,293,82408030,PRJNA1102327,SAMN41019280,Viral,27231223,USDA-NVSL,2024,public,"fastq,run.zq,sra","gs,ncbi,s3","gs.us-east1,ncbi.public,s3.us-east-1",SRX24317965,USA,North America,USA,Cattle,Illumina iSeq 100,24-009306-003-original,24-009306-003-original,PAIRED,RANDOM,VIRAL RNA,Influenza A virus,ILLUMINA,2024-04-20T00:00:00Z,2024-04-20T18:13:00Z,1,24-009306-003-original,H5N1,SRP503016
SRR28752681,WGS,464,94645232,PRJNA1102327,SAMN41019278,Viral,30922524,USDA-NVSL,2024,public,"fastq,run.zq,sra","gs,ncbi,s3","gs.us-east1,ncbi.public,s3.us-east-1",SRX24317963,USA,North America,USA,Cattle,Illumina MiSeq,24-009290-005-original,24-009290-005-original,PAIRED,RANDOM,VIRAL RNA,Influenza A virus,ILLUMINA,2024-04-20T00:00:00Z,2024-04-20T18:13:00Z,1,24-009290-005-original,H5N1,SRP503016
SRR28752684,WGS,460,78750013,PRJNA1102327,SAMN41019178,Viral,44689379,USDA-NVSL,2023,public,"fastq,run.zq,sra","gs,ncbi,s3","gs.us-east1,ncbi.public,s3.us-east-1",SRX24317960,USA,North America,USA,Goose,Illumina MiSeq,23-038138-001-original,23-038138-001-original,PAIRED,RANDOM,VIRAL RNA,Influenza A virus,ILLUMINA,2024-04-20T00:00:00Z,2024-04-20T18:13:00Z,1,23-038138-001-original,H5N1,SRP503016
