REGION	POS	REF	ALT	REF_DP	REF_RV	REF_QUAL	ALT_DP	ALT_RV	ALT_QUAL	ALT_FREQ	TOTAL_DP	PVAL	PASS	GFF_FEATURE	REF_CODON	REF_AA	ALT_CODON	ALT_AA	POS_AA
PA|PP755594.1|A/cattle/Texas/24-008749-003/2024(H5N1)	56	A	-AGCAAT	1815	416	33	56	0	20	0.0143663	3898	4.61739e-08	TRUE	NA	NA	NA	NA	NA	NA
PA|PP755594.1|A/cattle/Texas/24-008749-003/2024(H5N1)	59	C	-AATGAAAGAATATGGGG	1635	421	33	73	0	20	0.0197457	3697	2.05015e-14	TRUE	NA	NA	NA	NA	NA	NA
PA|PP755594.1|A/cattle/Texas/24-008749-003/2024(H5N1)	59	C	-AATG	1635	421	33	118	0	20	0.0319178	3697	1.76658e-30	TRUE	NA	NA	NA	NA	NA	NA
PA|PP755594.1|A/cattle/Texas/24-008749-003/2024(H5N1)	124	T	-TAGAAGTCTGTTTCATG	1718	513	33	80	0	20	0.0261352	3061	1.48351e-14	TRUE	NA	NA	NA	NA	NA	NA
PA|PP755594.1|A/cattle/Texas/24-008749-003/2024(H5N1)	154	C	-ATTTTATTGACGAACG	2003	889	33	30	0	20	0.013973	2147	0.0929997	FALSE	NA	NA	NA	NA	NA	NA
PA|PP755594.1|A/cattle/Texas/24-008749-003/2024(H5N1)	165	C	T	0	0	0	1612	671	33	1	1612	0	TRUE	PA:cds-XAJ25422.1	GAC	D	GAT	D	55
PA|PP755594.1|A/cattle/Texas/24-008749-003/2024(H5N1)	165	C	T	0	0	0	1612	671	33	1	1612	0	TRUE	PA-X:cds-XAJ25423.1	GAC	D	GAT	D	55
PA|PP755594.1|A/cattle/Texas/24-008749-003/2024(H5N1)	179	C	-AATGATTGTAGAATCTG	1447	712	33	107	0	20	0.066875	1600	3.31464e-19	TRUE	NA	NA	NA	NA	NA	NA
PA|PP755594.1|A/cattle/Texas/24-008749-003/2024(H5N1)	717	C	T	234	131	33	3	2	32	0.0126582	237	0.119598	FALSE	PA:cds-XAJ25422.1	AAC	N	AAT	N	239
PA|PP755594.1|A/cattle/Texas/24-008749-003/2024(H5N1)	717	C	T	234	131	33	3	2	32	0.0126582	237	0.119598	FALSE	PA-X:cds-XAJ25423.1	ACG	T	ATG	M	49
PA|PP755594.1|A/cattle/Texas/24-008749-003/2024(H5N1)	880	G	A	267	127	33	8	3	32	0.0290909	275	0.00365588	TRUE	PA:cds-XAJ25422.1	GAC	D	AAC	N	294
PA|PP755594.1|A/cattle/Texas/24-008749-003/2024(H5N1)	902	G	A	310	124	33	4	2	33	0.0127389	314	0.058839	FALSE	PA:cds-XAJ25422.1	GGC	G	GAC	D	301
PA|PP755594.1|A/cattle/Texas/24-008749-003/2024(H5N1)	981	G	A	10	5	34	284	119	33	0.965986	294	1.04272e-161	TRUE	PA:cds-XAJ25422.1	GAG	E	GAA	E	327
PA|PP755594.1|A/cattle/Texas/24-008749-003/2024(H5N1)	1245	C	T	330	134	33	4	2	34	0.011976	334	0.0601139	FALSE	PA:cds-XAJ25422.1	TGC	C	TGT	C	415
PA|PP755594.1|A/cattle/Texas/24-008749-003/2024(H5N1)	1267	A	G	335	166	33	18	11	33	0.0509915	353	1.83624e-06	TRUE	PA:cds-XAJ25422.1	ATT	I	GTT	V	423
PA|PP755594.1|A/cattle/Texas/24-008749-003/2024(H5N1)	1294	G	A	0	0	0	375	181	33	1	375	1.38136e-234	TRUE	PA:cds-XAJ25422.1	GTT	V	ATT	I	432
PA|PP755594.1|A/cattle/Texas/24-008749-003/2024(H5N1)	1311	C	T	0	0	0	358	158	33	1	358	4.56691e-229	TRUE	PA:cds-XAJ25422.1	CAC	H	CAT	H	437
PA|PP755594.1|A/cattle/Texas/24-008749-003/2024(H5N1)	1455	G	A	1	0	34	335	151	32	0.997024	336	4.06847e-212	TRUE	PA:cds-XAJ25422.1	ATG	M	ATA	I	485
PA|PP755594.1|A/cattle/Texas/24-008749-003/2024(H5N1)	1933	G	-TGTTCAACAGCC	2432	1347	33	42	0	20	0.0165811	2533	0.0192133	FALSE	NA	NA	NA	NA	NA	NA
PA|PP755594.1|A/cattle/Texas/24-008749-003/2024(H5N1)	1943	G	-CCT	2527	1353	33	38	0	20	0.0143396	2650	0.0648851	FALSE	NA	NA	NA	NA	NA	NA
PA|PP755594.1|A/cattle/Texas/24-008749-003/2024(H5N1)	2005	G	A	3469	2041	33	38	12	33	0.0108355	3507	3.33695e-09	TRUE	PA:cds-XAJ25422.1	GTT	V	ATT	I	669
PA|PP755594.1|A/cattle/Texas/24-008749-003/2024(H5N1)	2027	T	C	3661	2169	33	76	47	32	0.0203317	3738	2.38843e-20	TRUE	PA:cds-XAJ25422.1	CTG	L	CCG	P	676
PA|PP755594.1|A/cattle/Texas/24-008749-003/2024(H5N1)	2043	C	-GATCTTGGGGGGCTATAT	3992	2577	33	125	0	20	0.0300481	4160	9.36606e-12	TRUE	NA	NA	NA	NA	NA	NA
PA|PP755594.1|A/cattle/Texas/24-008749-003/2024(H5N1)	2048	T	-TGGGGGGCTATA	3487	2236	33	254	0	20	0.0611165	4156	1.6302e-45	TRUE	NA	NA	NA	NA	NA	NA
PA|PP755594.1|A/cattle/Texas/24-008749-003/2024(H5N1)	2049	T	-G	3454	2338	33	78	0	20	0.0183832	4243	1.07522e-05	TRUE	NA	NA	NA	NA	NA	NA
PA|PP755594.1|A/cattle/Texas/24-008749-003/2024(H5N1)	2056	C	-TA	3706	2486	33	141	0	20	0.0331453	4254	1.33207e-16	TRUE	NA	NA	NA	NA	NA	NA
